id	tag	score
training.scd.0	F	1.6
training.scd.1	F	2.2
training.scd.2	T	3.2
training.scd.3	F	2.0
training.scd.4	F	1.4
training.scd.5	F	1.4
training.scd.6	F	1.6
training.scd.7	F	1.6
training.scd.8	F	1.6
training.scd.9	F	1.0
training.scd.10	T	4.0
training.scd.11	F	2.4
training.scd.12	T	3.2
training.scd.13	F	1.4
training.scd.14	F	1.2
training.scd.15	F	2.0
training.scd.16	F	1.4
training.scd.17	F	2.6
training.scd.18	F	2.4
training.scd.19	T	3.0
training.scd.20	F	2.6
training.scd.21	F	2.6
training.scd.22	T	4.0
training.scd.23	F	1.6
training.scd.24	F	2.4
training.scd.25	T	3.4
training.scd.26	T	4.0
training.scd.27	F	2.2
training.scd.28	F	1.8
training.scd.29	F	1.0
training.scd.30	F	1.6
training.scd.31	F	1.6
training.scd.32	T	4.0
training.scd.33	F	1.0
training.scd.34	F	1.0
training.scd.35	T	3.2
training.scd.36	F	1.6
training.scd.37	T	3.8
training.scd.38	F	1.2
training.scd.39	F	2.8
training.scd.40	F	1.8
training.scd.41	T	3.4
training.scd.42	T	3.0
training.scd.43	T	4.0
training.scd.44	T	4.0
training.scd.45	F	1.2
training.scd.46	T	4.0
training.scd.47	F	2.6
training.scd.48	T	3.0
training.scd.49	F	1.2
training.scd.50	F	2.0
training.scd.51	F	1.8
training.scd.52	F	2.2
training.scd.53	F	2.2
training.scd.54	F	2.6
training.scd.55	F	2.6
training.scd.56	F	2.6
training.scd.57	T	4.0
training.scd.58	T	3.6
training.scd.59	F	2.0
training.scd.60	F	2.0
training.scd.61	F	1.6
training.scd.62	F	1.4
training.scd.63	F	1.8
training.scd.64	T	3.0
training.scd.65	T	3.6
training.scd.66	F	1.4
training.scd.67	T	4.0
training.scd.68	T	4.0
training.scd.69	F	1.8
training.scd.70	T	4.0
training.scd.71	T	4.0
training.scd.72	T	3.8
training.scd.73	T	4.0
training.scd.74	T	4.0
training.scd.75	T	4.0
training.scd.76	T	4.0
training.scd.77	T	3.8
training.scd.78	T	4.0
training.scd.79	T	4.0
training.scd.80	T	4.0
training.scd.81	T	4.0
training.scd.82	T	4.0
training.scd.83	T	4.0
training.scd.84	T	3.8
training.scd.85	T	4.0
training.scd.86	T	4.0
training.scd.87	T	4.0
training.scd.88	T	3.8
training.scd.89	T	3.0
training.scd.90	T	3.8
training.scd.91	T	3.8
training.scd.92	T	3.8
training.scd.93	T	3.6
training.scd.94	T	3.8
training.scd.95	T	3.8
training.scd.96	T	4.0
training.scd.97	T	4.0
training.scd.98	T	3.8
training.scd.99	T	4.0
training.scd.100	T	4.0
training.scd.101	T	4.0
training.scd.102	T	4.0
training.scd.103	T	4.0
training.scd.104	T	4.0
training.scd.105	T	4.0
training.scd.106	T	4.0
training.scd.107	T	4.0
training.scd.108	T	4.0
training.scd.109	T	3.6
training.scd.110	T	3.6
training.scd.111	T	3.8
training.scd.112	T	3.6
training.scd.113	T	3.6
training.scd.114	T	3.8
training.scd.115	T	4.0
training.scd.116	T	4.0
training.scd.117	T	3.8
training.scd.118	T	3.6
training.scd.119	T	4.0
training.scd.120	T	4.0
training.scd.121	T	4.0
training.scd.122	T	4.0
training.scd.123	T	4.0
training.scd.124	T	4.0
training.scd.125	T	4.0
training.scd.126	T	4.0
training.scd.127	T	3.4
training.scd.128	T	3.8
training.scd.129	T	4.0
training.scd.130	T	4.0
training.scd.131	F	1.4
training.scd.132	T	4.0
training.scd.133	T	3.6
training.scd.134	T	4.0
training.scd.135	T	4.0
training.scd.136	T	3.8
training.scd.137	T	4.0
training.scd.138	T	4.0
training.scd.139	T	3.8
training.scd.140	T	3.8
training.scd.141	T	3.6
training.scd.142	T	3.0
training.scd.143	F	1.6
training.scd.144	T	3.6
training.scd.145	T	3.8
training.scd.146	T	4.0
training.scd.147	T	3.4
training.scd.148	T	4.0
training.scd.149	T	4.0
training.scd.150	T	4.0
training.scd.151	T	4.0
training.scd.152	T	4.0
training.scd.153	T	4.0
training.scd.154	T	4.0
training.scd.155	T	4.0
training.scd.156	T	4.0
training.scd.157	F	2.2
training.scd.158	T	4.0
training.scd.159	T	4.0
training.scd.160	T	3.8
training.scd.161	T	3.8
training.scd.162	T	4.0
training.scd.163	T	4.0
training.scd.164	T	4.0
training.scd.165	T	3.6
training.scd.166	T	4.0
training.scd.167	T	4.0
training.scd.168	T	4.0
training.scd.169	T	3.6
training.scd.170	T	3.2
training.scd.171	T	4.0
training.scd.172	T	4.0
training.scd.173	T	4.0
training.scd.174	T	4.0
training.scd.175	T	3.4
training.scd.176	T	4.0
training.scd.177	T	4.0
training.scd.178	T	4.0
training.scd.179	T	4.0
training.scd.180	T	4.0
training.scd.181	T	3.8
training.scd.182	T	4.0
training.scd.183	T	3.6
training.scd.184	F	2.4
training.scd.185	T	4.0
training.scd.186	T	4.0
training.scd.187	T	4.0
training.scd.188	T	3.2
training.scd.189	T	4.0
training.scd.190	F	2.4
training.scd.191	T	4.0
training.scd.192	T	3.8
training.scd.193	T	4.0
training.scd.194	T	3.6
training.scd.195	T	3.8
training.scd.196	T	4.0
training.scd.197	T	4.0
training.scd.198	T	4.0
training.scd.199	T	4.0
training.scd.200	T	4.0
training.scd.201	F	1.0
training.scd.202	T	4.0
training.scd.203	T	3.8
training.scd.204	F	1.6
training.scd.205	F	1.6
training.scd.206	F	1.4
training.scd.207	F	1.0
training.scd.208	T	3.4
training.scd.209	F	1.2
training.scd.210	T	3.8
training.scd.211	F	1.0
training.scd.212	F	1.0
training.scd.213	F	1.0
training.scd.214	F	1.0
training.scd.215	F	1.0
training.scd.216	T	3.6
training.scd.217	F	1.0
training.scd.218	F	1.0
training.scd.219	T	3.2
training.scd.220	T	4.0
training.scd.221	T	3.2
training.scd.222	F	1.0
training.scd.223	F	2.8
training.scd.224	F	2.8
training.scd.225	T	3.4
training.scd.226	F	1.8
training.scd.227	T	3.6
training.scd.228	T	3.6
training.scd.229	F	1.2
training.scd.230	T	3.8
training.scd.231	T	3.2
training.scd.232	F	1.0
training.scd.233	T	4.0
training.scd.234	T	3.6
training.scd.235	T	3.2
training.scd.236	F	1.0
training.scd.237	F	2.0
training.scd.238	T	4.0
training.scd.239	F	1.0
training.scd.240	T	3.4
training.scd.241	T	4.0
training.scd.242	T	3.4
training.scd.243	T	3.4
training.scd.244	F	1.2
training.scd.245	T	3.8
training.scd.246	F	2.8
training.scd.247	F	2.8
training.scd.248	F	2.8
training.scd.249	T	4.0
training.scd.250	F	1.2
training.scd.251	F	2.6
training.scd.252	T	3.0
training.scd.253	T	3.0
training.scd.254	T	3.2
training.scd.255	F	2.0
training.scd.256	F	1.0
training.scd.257	F	1.2
training.scd.258	F	1.6
training.scd.259	F	2.6
training.scd.260	F	2.0
training.scd.261	T	4.0
training.scd.262	F	1.2
training.scd.263	T	3.6
training.scd.264	T	3.0
training.scd.265	T	3.2
training.scd.266	F	1.4
training.scd.267	F	1.4
training.scd.268	F	1.4
training.scd.269	T	3.6
training.scd.270	T	3.6
training.scd.271	T	3.6
training.scd.272	F	1.4
training.scd.273	T	3.8
training.scd.274	F	2.0
training.scd.275	F	2.6
training.scd.276	F	1.4
training.scd.277	F	1.4
training.scd.278	F	1.4
training.scd.279	F	2.6
training.scd.280	F	1.6
training.scd.281	F	2.6
training.scd.282	T	3.6
training.scd.283	F	1.8
training.scd.284	F	2.2
training.scd.285	T	3.8
training.scd.286	F	2.2
training.scd.287	F	2.6
training.scd.288	F	2.6
training.scd.289	F	2.0
training.scd.290	F	2.0
training.scd.291	T	3.6
training.scd.292	T	3.6
training.scd.293	F	1.6
training.scd.294	F	2.0
training.scd.295	F	2.0
training.scd.296	T	3.6
training.scd.297	T	3.0
training.scd.298	T	3.0
training.scd.299	T	3.0
training.scd.300	F	1.6
training.scd.301	F	1.6
training.scd.302	F	2.2
training.scd.303	F	1.0
training.scd.304	F	2.4
training.scd.305	F	2.0
training.scd.306	T	3.2
training.scd.307	F	1.8
training.scd.308	F	1.8
training.scd.309	F	2.0
training.scd.310	F	2.0
training.scd.311	F	2.2
training.scd.312	F	2.2
training.scd.313	T	3.6
training.scd.314	F	2.4
training.scd.315	F	2.6
training.scd.316	T	3.2
training.scd.317	F	1.0
training.scd.318	F	1.0
training.scd.319	T	3.4
training.scd.320	F	2.8
training.scd.321	F	2.8
training.scd.322	F	1.4
training.scd.323	T	3.6
training.scd.324	T	3.2
training.scd.325	F	2.6
training.scd.326	F	2.0
training.scd.327	T	3.6
training.scd.328	F	2.8
training.scd.329	T	3.8
training.scd.330	T	3.8
training.scd.331	F	2.4
training.scd.332	F	2.4
training.scd.333	T	3.4
training.scd.334	F	2.4
training.scd.335	T	3.0
training.scd.336	T	3.2
training.scd.337	F	1.0
training.scd.338	F	1.2
training.scd.339	F	2.4
training.scd.340	F	2.4
training.scd.341	F	1.8
training.scd.342	F	1.6
training.scd.343	F	1.0
training.scd.344	F	1.6
training.scd.345	T	3.8
training.scd.346	F	2.4
training.scd.347	F	2.6
training.scd.348	F	1.0
training.scd.349	F	2.4
training.scd.350	F	2.4
training.scd.351	T	3.8
training.scd.352	T	3.4
training.scd.353	F	2.0
training.scd.354	F	2.6
training.scd.355	T	4.0
training.scd.356	F	1.8
training.scd.357	T	4.0
training.scd.358	T	3.6
training.scd.359	F	1.6
training.scd.360	F	1.0
training.scd.361	F	2.8
training.scd.362	F	2.8
training.scd.363	F	1.0
training.scd.364	T	3.8
training.scd.365	F	1.0
training.scd.366	F	2.4
training.scd.367	F	1.0
training.scd.368	F	1.6
training.scd.369	F	1.0
training.scd.370	F	1.2
training.scd.371	F	1.0
training.scd.372	T	3.8
training.scd.373	T	3.8
training.scd.374	F	2.2
training.scd.375	T	3.6
training.scd.376	F	2.6
training.scd.377	F	1.2
training.scd.378	F	2.6
training.scd.379	F	1.2
training.scd.380	T	3.8
training.scd.381	T	3.4
training.scd.382	F	2.8
training.scd.383	F	1.0
training.scd.384	T	3.6
training.scd.385	F	1.2
training.scd.386	T	4.0
training.scd.387	T	3.8
training.scd.388	F	1.8
training.scd.389	F	2.8
training.scd.390	T	3.8
training.scd.391	F	1.2
training.scd.392	T	3.2
training.scd.393	T	3.0
training.scd.394	T	4.0
training.scd.395	T	3.4
training.scd.396	F	2.0
training.scd.397	T	3.6
training.scd.398	F	2.6
training.scd.399	T	3.4
training.scd.400	T	4.0
training.scd.401	T	4.0
training.scd.402	T	3.0
training.scd.403	T	3.2
training.scd.404	T	3.2
training.scd.405	T	4.0
training.scd.406	T	3.2
training.scd.407	T	4.0
training.scd.408	F	1.8
training.scd.409	T	3.8
training.scd.410	F	2.8
training.scd.411	T	3.2
training.scd.412	T	3.6
training.scd.413	T	3.2
training.scd.414	T	3.8
training.scd.415	T	4.0
training.scd.416	T	3.4
training.scd.417	T	4.0
training.scd.418	T	4.0
training.scd.419	T	3.4
training.scd.420	T	4.0
training.scd.421	F	2.6
training.scd.422	T	4.0
training.scd.423	T	3.8
training.scd.424	F	2.2
training.scd.425	F	2.4
training.scd.426	T	3.2
training.scd.427	T	4.0
training.scd.428	T	4.0
training.scd.429	T	3.4
training.scd.430	T	3.0
training.scd.431	T	3.8
training.scd.432	T	3.0
training.scd.433	T	3.6
training.scd.434	T	3.8
training.scd.435	T	3.0
training.scd.436	T	3.8
training.scd.437	T	3.8
training.scd.438	T	3.8
training.scd.439	T	4.0
training.scd.440	F	2.4
training.scd.441	T	3.6
training.scd.442	T	4.0
training.scd.443	T	4.0
training.scd.444	T	3.0
training.scd.445	T	3.4
training.scd.446	F	2.0
training.scd.447	T	3.8
training.scd.448	T	3.0
training.scd.449	T	4.0
training.scd.450	T	3.0
training.scd.451	F	2.4
training.scd.452	F	1.8
training.scd.453	T	3.4
training.scd.454	T	3.8
training.scd.455	T	3.6
training.scd.456	T	3.4
training.scd.457	T	3.4
training.scd.458	T	3.4
training.scd.459	T	3.8
training.scd.460	T	4.0
training.scd.461	F	2.8
training.scd.462	F	2.8
training.scd.463	T	4.0
training.scd.464	T	3.4
training.scd.465	T	3.6
training.scd.466	T	4.0
training.scd.467	F	2.8
training.scd.468	T	3.6
training.scd.469	F	2.6
training.scd.470	T	3.2
training.scd.471	T	3.2
training.scd.472	T	3.6
training.scd.473	T	3.6
training.scd.474	T	3.0
training.scd.475	T	4.0
training.scd.476	T	3.2
training.scd.477	T	3.0
training.scd.478	T	3.6
training.scd.479	T	3.6
training.scd.480	F	2.8
training.scd.481	T	3.6
training.scd.482	F	2.8
training.scd.483	T	3.4
training.scd.484	F	2.8
training.scd.485	F	2.8
training.scd.486	T	3.4
training.scd.487	T	3.8
training.scd.488	T	3.6
training.scd.489	T	3.8
training.scd.490	T	4.0
training.scd.491	F	2.8
training.scd.492	T	3.4
training.scd.493	F	2.8
training.scd.494	T	4.0
training.scd.495	T	3.6
training.scd.496	T	3.0
training.scd.497	T	3.0
training.scd.498	T	3.8
training.scd.499	T	3.2
training.scd.500	T	3.6
training.scd.501	F	2.4
training.scd.502	T	3.6
training.scd.503	T	3.2
training.scd.504	T	3.4
training.scd.505	T	3.0
training.scd.506	T	3.4
training.scd.507	T	3.4
training.scd.508	F	2.6
training.scd.509	T	4.0
training.scd.510	T	3.8
training.scd.511	T	3.2
training.scd.512	F	2.8
training.scd.513	T	3.4
training.scd.514	T	3.4
training.scd.515	F	2.8
training.scd.516	T	3.6
training.scd.517	T	3.6
training.scd.518	T	3.6
training.scd.519	F	1.8
training.scd.520	T	3.6
training.scd.521	T	3.8
training.scd.522	T	4.0
training.scd.523	T	3.8
training.scd.524	T	4.0
training.scd.525	T	4.0
training.scd.526	T	3.6
training.scd.527	T	4.0
training.scd.528	T	3.4
training.scd.529	T	3.0
training.scd.530	T	3.4
training.scd.531	T	3.2
training.scd.532	T	3.8
training.scd.533	T	3.2
training.scd.534	T	3.6
training.scd.535	T	4.0
training.scd.536	T	4.0
training.scd.537	T	3.8
training.scd.538	T	4.0
training.scd.539	T	3.8
training.scd.540	T	3.8
training.scd.541	T	3.6
training.scd.542	T	4.0
training.scd.543	T	3.6
training.scd.544	T	3.8
training.scd.545	T	3.6
training.scd.546	T	3.8
training.scd.547	T	4.0
training.scd.548	T	3.4
training.scd.549	T	3.4
training.scd.550	T	3.0
training.scd.551	T	3.6
training.scd.552	T	3.6
training.scd.553	T	3.8
training.scd.554	T	3.4
training.scd.555	T	3.8
training.scd.556	T	4.0
training.scd.557	T	4.0
training.scd.558	T	3.6
training.scd.559	T	3.6
training.scd.560	T	4.0
training.scd.561	T	4.0
training.scd.562	T	4.0
training.scd.563	T	4.0
training.scd.564	T	3.8
training.scd.565	T	4.0
training.scd.566	T	3.4
training.scd.567	T	3.8
training.scd.568	T	3.8
training.scd.569	T	3.8
training.scd.570	T	4.0
training.scd.571	T	4.0
training.scd.572	T	4.0
training.scd.573	T	4.0
training.scd.574	T	3.4
training.scd.575	T	4.0
training.scd.576	T	3.6
training.scd.577	T	3.4
training.scd.578	T	4.0
training.scd.579	T	3.4
training.scd.580	T	3.8
training.scd.581	T	3.4
training.scd.582	T	3.4
training.scd.583	T	3.4
training.scd.584	T	3.6
training.scd.585	T	3.6
training.scd.586	T	3.4
training.scd.587	F	1.0
training.scd.588	F	1.0
training.scd.589	F	1.0
training.scd.590	F	1.0
training.scd.591	T	3.2
training.scd.592	F	1.0
training.scd.593	T	4.0
training.scd.594	F	1.0
training.scd.595	F	1.0
training.scd.596	T	4.0
training.scd.597	T	4.0
training.scd.598	T	4.0
training.scd.599	F	1.0
training.scd.600	F	1.0
training.scd.601	F	1.6
training.scd.602	T	4.0
training.scd.603	F	1.2
training.scd.604	F	1.0
training.scd.605	F	1.0
training.scd.606	F	1.0
training.scd.607	F	1.2
training.scd.608	T	4.0
training.scd.609	T	3.8
training.scd.610	F	1.0
training.scd.611	F	1.0
training.scd.612	T	4.0
training.scd.613	F	1.0
training.scd.614	F	1.0
training.scd.615	F	1.0
training.scd.616	T	3.8
training.scd.617	F	1.0
training.scd.618	F	1.0
training.scd.619	F	1.2
training.scd.620	F	2.6
training.scd.621	F	2.6
training.scd.622	T	3.6
training.scd.623	F	1.0
training.scd.624	F	1.0
training.scd.625	F	1.0
training.scd.626	T	3.8
training.scd.627	T	4.0
training.scd.628	F	1.0
training.scd.629	T	4.0
training.scd.630	T	4.0
training.scd.631	T	4.0
training.scd.632	F	1.0
training.scd.633	T	4.0
training.scd.634	T	4.0
training.scd.635	T	4.0
training.scd.636	T	4.0
training.scd.637	T	3.6
training.scd.638	T	3.8
training.scd.639	T	3.6
training.scd.640	F	1.0
training.scd.641	T	3.0
training.scd.642	T	3.0
training.scd.643	F	1.0
training.scd.644	F	1.0
training.scd.645	F	1.0
training.scd.646	T	4.0
training.scd.647	T	4.0
training.scd.648	F	1.0
training.scd.649	T	4.0
training.scd.650	F	1.0
training.scd.651	F	1.0
training.scd.652	F	1.4
training.scd.653	T	4.0
training.scd.654	F	1.4
training.scd.655	F	1.4
training.scd.656	T	3.2
training.scd.657	T	3.6
training.scd.658	T	3.6
training.scd.659	F	2.2
training.scd.660	F	2.8
training.scd.661	T	3.6
training.scd.662	T	3.0
training.scd.663	F	1.2
training.scd.664	T	3.8
training.scd.665	T	3.2
training.scd.666	T	4.0
training.scd.667	T	3.4
training.scd.668	F	1.6
training.scd.669	T	3.0
training.scd.670	T	3.2
training.scd.671	F	1.2
training.scd.672	T	3.2
training.scd.673	T	3.8
training.scd.674	F	2.6
training.scd.675	F	2.8
training.scd.676	T	3.8
training.scd.677	T	4.0
training.scd.678	T	3.8
training.scd.679	T	3.8
training.scd.680	T	3.4
training.scd.681	T	4.0
training.scd.682	F	1.4
training.scd.683	T	4.0
training.scd.684	F	1.6
training.scd.685	T	3.8
training.scd.686	F	1.2
training.scd.687	T	4.0
training.scd.688	F	2.8
training.scd.689	T	3.6
training.scd.690	F	2.8
training.scd.691	F	1.0
training.scd.692	F	1.2
training.scd.693	F	1.6
training.scd.694	F	2.6
training.scd.695	F	1.6
training.scd.696	T	3.6
training.scd.697	F	2.4
training.scd.698	F	2.4
training.scd.699	F	2.6
training.scd.700	T	3.4
training.scd.701	T	3.8
training.scd.702	T	3.2
training.scd.703	T	3.4
training.scd.704	T	3.0
training.scd.705	T	3.2
training.scd.706	T	3.4
training.scd.707	F	1.0
training.scd.708	T	4.0
training.scd.709	F	1.0
training.scd.710	T	3.6
training.scd.711	F	1.4
training.scd.712	T	3.2
training.scd.713	T	4.0
training.scd.714	F	1.8
training.scd.715	F	2.2
training.scd.716	T	3.4
training.scd.717	T	3.2
training.scd.718	T	3.8
training.scd.719	T	3.0
training.scd.720	T	3.0
training.scd.721	T	3.0
training.scd.722	T	3.4
training.scd.723	F	2.8
training.scd.724	F	2.4
training.scd.725	F	1.6
training.scd.726	T	3.2
training.scd.727	T	3.2
training.scd.728	T	3.2
training.scd.729	T	3.2
training.scd.730	F	1.8
training.scd.731	T	3.2
training.scd.732	T	3.4
training.scd.733	T	3.0
training.scd.734	T	3.6
training.scd.735	F	1.4
training.scd.736	T	3.2
training.scd.737	T	3.6
training.scd.738	T	3.4
training.scd.739	T	3.4
training.scd.740	T	3.4
training.scd.741	T	3.2
training.scd.742	T	3.4
training.scd.743	F	2.2
training.scd.744	T	3.4
training.scd.745	T	3.2
training.scd.746	T	3.8
training.scd.747	T	4.0
training.scd.748	T	3.6
training.scd.749	F	2.4
training.scd.750	F	2.6
training.scd.751	F	2.6
training.scd.752	F	2.2
training.scd.753	T	3.4
training.scd.754	T	3.4
training.scd.755	F	2.2
training.scd.756	T	3.6
training.scd.757	T	4.0
training.scd.758	T	3.0
training.scd.759	T	3.0
training.scd.760	F	2.0
training.scd.761	T	3.4
training.scd.762	T	3.4
training.scd.763	F	2.8
training.scd.764	T	3.6
training.scd.765	T	3.4
training.scd.766	F	2.8
training.scd.767	T	3.4
training.scd.768	F	1.6
training.scd.769	T	3.0
training.scd.770	T	3.8
training.scd.771	F	2.2
training.scd.772	F	1.8
training.scd.773	T	3.4
training.scd.774	T	3.4
training.scd.775	T	3.2
training.scd.776	F	2.6
training.scd.777	T	3.6
training.scd.778	F	1.4
training.scd.779	T	3.8
training.scd.780	T	4.0
training.scd.781	T	4.0
training.scd.782	T	3.8
training.scd.783	T	4.0
training.scd.784	T	4.0
training.scd.785	T	3.2
training.scd.786	T	3.8
training.scd.787	T	4.0
training.scd.788	T	3.4
training.scd.789	T	4.0
training.scd.790	T	4.0
training.scd.791	T	3.4
training.scd.792	T	4.0
training.scd.793	T	3.6
training.scd.794	T	4.0
training.scd.795	T	4.0
training.scd.796	T	3.8
training.scd.797	T	4.0
training.scd.798	T	4.0
training.scd.799	T	3.6
training.scd.800	T	4.0
training.scd.801	F	2.4
training.scd.802	T	4.0
training.scd.803	T	3.8
training.scd.804	F	1.6
training.scd.805	T	4.0
training.scd.806	T	3.4
training.scd.807	F	1.0
training.scd.808	T	3.4
training.scd.809	T	4.0
training.scd.810	F	1.8
training.scd.811	T	4.0
training.scd.812	T	3.0
training.scd.813	T	3.8
training.scd.814	F	1.8
training.scd.815	T	4.0
training.scd.816	T	4.0
training.scd.817	T	4.0
training.scd.818	T	3.2
training.scd.819	T	3.6
training.scd.820	T	3.8
training.scd.821	T	3.8
training.scd.822	T	4.0
training.scd.823	T	4.0
training.scd.824	T	3.2
training.scd.825	F	1.2
training.scd.826	T	4.0
training.scd.827	F	1.0
training.scd.828	T	3.8
training.scd.829	T	4.0
training.scd.830	F	2.2
training.scd.831	T	4.0
training.scd.832	T	3.6
training.scd.833	T	3.6
training.scd.834	F	2.6
training.scd.835	T	3.8
training.scd.836	T	3.8
training.scd.837	T	3.2
training.scd.838	T	3.2
training.scd.839	T	4.0
training.scd.840	F	1.4
training.scd.841	F	1.0
training.scd.842	T	4.0
training.scd.843	T	3.8
training.scd.844	F	2.8
training.scd.845	T	4.0
training.scd.846	T	3.8
training.scd.847	T	3.8
training.scd.848	T	4.0
training.scd.849	F	2.8
training.scd.850	F	2.8
training.scd.851	T	3.2
training.scd.852	T	4.0
training.scd.853	T	3.8
training.scd.854	T	3.8
training.scd.855	F	1.0
training.scd.856	T	3.0
training.scd.857	T	4.0
training.scd.858	T	4.0
training.scd.859	T	3.8
training.scd.860	F	1.0
training.scd.861	F	1.6
training.scd.862	F	2.2
training.scd.863	F	2.4
training.scd.864	T	4.0
training.scd.865	F	1.0
training.scd.866	T	3.0
training.scd.867	F	1.0
training.scd.868	T	3.2
training.scd.869	T	3.6
training.scd.870	T	3.6
training.scd.871	T	4.0
training.scd.872	T	4.0
training.scd.873	T	3.2
training.scd.874	T	3.8
training.scd.875	F	2.8
training.scd.876	F	2.8
training.scd.877	T	3.6
training.scd.878	T	3.4
training.scd.879	T	4.0
training.scd.880	T	3.2
training.scd.881	T	3.2
training.scd.882	T	3.8
training.scd.883	T	3.8
training.scd.884	T	3.8
training.scd.885	T	3.4
training.scd.886	T	4.0
training.scd.887	F	2.4
training.scd.888	T	3.0
training.scd.889	T	3.8
training.scd.890	T	3.8
training.scd.891	F	1.0
training.scd.892	T	3.8
training.scd.893	T	3.2
training.scd.894	T	4.0
training.scd.895	T	3.8
training.scd.896	T	3.2
training.scd.897	T	3.8
training.scd.898	T	3.8
training.scd.899	T	3.8
training.scd.900	T	4.0
training.scd.901	T	4.0
training.scd.902	T	3.4
training.scd.903	F	2.4
training.scd.904	T	3.2
training.scd.905	F	1.0
training.scd.906	T	4.0
training.scd.907	T	4.0
training.scd.908	T	3.6
training.scd.909	T	3.2
training.scd.910	T	4.0
training.scd.911	T	3.2
training.scd.912	T	4.0
training.scd.913	T	3.8
training.scd.914	T	3.4
training.scd.915	T	3.6
training.scd.916	T	3.4
training.scd.917	T	4.0
training.scd.918	T	3.8
training.scd.919	T	4.0
training.scd.920	T	4.0
training.scd.921	T	3.4
training.scd.922	F	2.4
training.scd.923	T	4.0
training.scd.924	F	2.4
training.scd.925	T	3.8
training.scd.926	F	2.8
training.scd.927	T	3.6
training.scd.928	T	3.6
training.scd.929	T	4.0
training.scd.930	T	3.8
training.scd.931	F	2.8
training.scd.932	T	3.2
training.scd.933	F	2.2
training.scd.934	T	3.8
training.scd.935	T	4.0
training.scd.936	T	4.0
training.scd.937	T	3.6
training.scd.938	T	3.8
training.scd.939	F	2.8
training.scd.940	T	3.4
training.scd.941	T	3.2
training.scd.942	T	3.2
training.scd.943	T	3.6
training.scd.944	F	2.8
training.scd.945	F	2.8
training.scd.946	T	3.8
training.scd.947	T	3.8
training.scd.948	T	3.0
training.scd.949	F	2.2
training.scd.950	F	2.2
training.scd.951	T	4.0
training.scd.952	T	3.4
training.scd.953	T	3.0
training.scd.954	T	3.0
training.scd.955	T	4.0
training.scd.956	T	4.0
training.scd.957	T	3.2
training.scd.958	T	3.2
training.scd.959	T	3.6
training.scd.960	F	2.8
training.scd.961	T	3.6
training.scd.962	T	4.0
training.scd.963	T	4.0
training.scd.964	F	2.6
training.scd.965	T	3.0
training.scd.966	T	3.6
training.scd.967	T	3.2
training.scd.968	T	4.0
training.scd.969	T	3.2
training.scd.970	F	2.8
training.scd.971	T	3.6
training.scd.972	T	3.6
training.scd.973	F	1.0
training.scd.974	F	2.8
training.scd.975	F	2.6
training.scd.976	T	3.8
training.scd.977	T	3.8
training.scd.978	F	1.0
training.scd.979	F	1.0
training.scd.980	T	3.2
training.scd.981	F	1.0
training.scd.982	F	1.0
training.scd.983	F	1.0
training.scd.984	F	1.0
training.scd.985	T	3.4
training.scd.986	T	3.4
training.scd.987	F	1.0
training.scd.988	F	2.2
training.scd.989	F	2.4
training.scd.990	F	2.4
training.scd.991	F	2.6
training.scd.992	F	2.6
training.scd.993	F	2.4
training.scd.994	F	2.0
training.scd.995	F	2.0
training.scd.996	F	1.8
training.scd.997	F	2.2
training.scd.998	F	1.4
training.scd.999	F	2.4
training.scd.1000	F	1.0
training.scd.1001	F	1.0
training.scd.1002	F	1.8
training.scd.1003	F	2.0
training.scd.1004	F	1.2
training.scd.1005	F	1.0
training.scd.1006	T	3.4
training.scd.1007	F	1.0
training.scd.1008	F	2.0
training.scd.1009	F	1.4
training.scd.1010	F	1.0
training.scd.1011	F	1.0
training.scd.1012	T	3.0
training.scd.1013	F	1.6
training.scd.1014	F	1.8
training.scd.1015	F	2.2
training.scd.1016	F	1.8
training.scd.1017	F	2.2
training.scd.1018	T	3.2
training.scd.1019	F	2.0
training.scd.1020	F	1.6
training.scd.1021	F	1.2
training.scd.1022	F	1.4
training.scd.1023	F	1.4
training.scd.1024	F	2.0
training.scd.1025	T	3.2
training.scd.1026	F	2.0
training.scd.1027	T	3.2
training.scd.1028	T	3.2
training.scd.1029	F	1.0
training.scd.1030	F	1.0
training.scd.1031	T	3.8
training.scd.1032	F	2.0
training.scd.1033	T	3.0
training.scd.1034	F	2.8
training.scd.1035	F	2.0
training.scd.1036	F	1.0
training.scd.1037	T	4.0
training.scd.1038	F	1.8
training.scd.1039	T	3.6
training.scd.1040	T	3.6
training.scd.1041	F	2.6
training.scd.1042	F	2.4
training.scd.1043	T	3.2
training.scd.1044	T	4.0
training.scd.1045	T	4.0
training.scd.1046	T	4.0
training.scd.1047	T	3.8
training.scd.1048	T	4.0
training.scd.1049	T	4.0
training.scd.1050	T	4.0
training.scd.1051	F	2.8
training.scd.1052	F	2.0
training.scd.1053	F	2.0
training.scd.1054	F	2.0
training.scd.1055	F	2.0
training.scd.1056	F	1.0
training.scd.1057	F	1.0
training.scd.1058	F	1.8
training.scd.1059	T	3.0
training.scd.1060	F	1.2
training.scd.1061	F	1.6
training.scd.1062	F	1.6
training.scd.1063	F	2.2
training.scd.1064	F	2.2
training.scd.1065	F	1.6
training.scd.1066	F	1.0
training.scd.1067	F	2.6
training.scd.1068	F	1.6
training.scd.1069	F	1.6
training.scd.1070	F	1.6
training.scd.1071	F	1.6
training.scd.1072	F	1.2
training.scd.1073	F	1.2
training.scd.1074	T	3.0
training.scd.1075	F	2.8
training.scd.1076	F	1.0
training.scd.1077	F	1.4
training.scd.1078	F	1.0
training.scd.1079	F	1.0
training.scd.1080	F	1.0
training.scd.1081	F	1.6
training.scd.1082	F	1.4
training.scd.1083	F	1.0
training.scd.1084	F	1.0
training.scd.1085	F	2.0
training.scd.1086	F	1.2
training.scd.1087	F	1.2
training.scd.1088	F	2.0
training.scd.1089	F	1.0
training.scd.1090	F	1.6
training.scd.1091	F	2.2
training.scd.1092	F	1.4
training.scd.1093	F	1.8
training.scd.1094	F	1.0
training.scd.1095	F	1.2
training.scd.1096	F	1.0
training.scd.1097	F	1.4
training.scd.1098	F	1.0
training.scd.1099	F	2.2
training.scd.1100	F	1.0
training.scd.1101	F	2.2
training.scd.1102	F	1.8
training.scd.1103	F	1.0
training.scd.1104	F	1.0
training.scd.1105	T	3.2
training.scd.1106	F	1.0
training.scd.1107	F	2.4
training.scd.1108	F	1.8
training.scd.1109	F	1.0
training.scd.1110	F	2.0
training.scd.1111	F	2.0
training.scd.1112	F	2.0
training.scd.1113	F	1.2
training.scd.1114	T	3.2
training.scd.1115	T	3.2
training.scd.1116	T	3.2
training.scd.1117	F	1.0
training.scd.1118	F	1.0
training.scd.1119	T	3.8
training.scd.1120	T	3.2
training.scd.1121	T	3.6
training.scd.1122	T	3.6
training.scd.1123	T	3.4
training.scd.1124	T	3.6
training.scd.1125	F	2.4
training.scd.1126	F	2.4
training.scd.1127	T	3.6
training.scd.1128	T	3.6
training.scd.1129	F	1.4
training.scd.1130	F	1.4
training.scd.1131	F	1.2
training.scd.1132	T	3.8
training.scd.1133	F	2.0
training.scd.1134	T	3.0
training.scd.1135	F	2.4
training.scd.1136	F	2.6
training.scd.1137	T	4.0
training.scd.1138	F	1.8
training.scd.1139	F	1.8
training.scd.1140	T	4.0
training.scd.1141	T	4.0
training.scd.1142	F	1.6
training.scd.1143	F	2.2
training.scd.1144	F	2.8
training.scd.1145	T	3.2
training.scd.1146	T	4.0
training.scd.1147	F	1.6
training.scd.1148	T	3.2
training.scd.1149	F	2.2
training.scd.1150	T	3.2
training.scd.1151	F	2.8
training.scd.1152	F	2.6
training.scd.1153	F	2.8
training.scd.1154	F	1.4
training.scd.1155	T	3.8
training.scd.1156	F	2.6
training.scd.1157	F	1.6
training.scd.1158	F	2.4
training.scd.1159	F	1.4
training.scd.1160	T	3.4
training.scd.1161	F	2.0
training.scd.1162	T	3.2
training.scd.1163	F	2.6
training.scd.1164	F	2.8
training.scd.1165	F	1.2
training.scd.1166	F	2.0
training.scd.1167	T	3.8
training.scd.1168	F	1.8
training.scd.1169	F	1.8
training.scd.1170	F	1.4
training.scd.1171	F	1.6
training.scd.1172	F	1.0
training.scd.1173	F	2.2
training.scd.1174	T	3.6
training.scd.1175	F	2.6
training.scd.1176	F	2.6
training.scd.1177	F	2.6
training.scd.1178	F	2.2
training.scd.1179	F	2.2
training.scd.1180	F	1.6
training.scd.1181	T	4.0
training.scd.1182	F	2.4
training.scd.1183	T	4.0
training.scd.1184	F	2.0
training.scd.1185	T	4.0
training.scd.1186	T	3.6
training.scd.1187	T	3.6
training.scd.1188	T	3.6
training.scd.1189	T	3.4
training.scd.1190	F	2.8
training.scd.1191	T	4.0
training.scd.1192	T	3.6
training.scd.1193	T	4.0
training.scd.1194	T	3.4
training.scd.1195	F	2.6
training.scd.1196	T	3.4
training.scd.1197	T	3.8
training.scd.1198	T	3.8
training.scd.1199	F	2.4
training.scd.1200	T	4.0
training.scd.1201	T	3.4
training.scd.1202	T	3.8
training.scd.1203	T	3.6
training.scd.1204	F	2.0
training.scd.1205	T	4.0
training.scd.1206	T	3.8
training.scd.1207	T	4.0
training.scd.1208	T	3.6
training.scd.1209	T	4.0
training.scd.1210	T	4.0
training.scd.1211	T	3.8
training.scd.1212	T	3.0
training.scd.1213	T	3.6
training.scd.1214	T	3.6
training.scd.1215	T	3.8
training.scd.1216	T	3.2
training.scd.1217	T	3.8
training.scd.1218	T	3.4
training.scd.1219	T	4.0
training.scd.1220	T	3.8
training.scd.1221	T	4.0
training.scd.1222	T	4.0
training.scd.1223	T	4.0
training.scd.1224	T	3.6
training.scd.1225	T	3.8
training.scd.1226	T	3.6
training.scd.1227	T	4.0
training.scd.1228	T	3.6
training.scd.1229	T	4.0
training.scd.1230	T	4.0
training.scd.1231	T	4.0
training.scd.1232	T	4.0
training.scd.1233	T	4.0
training.scd.1234	T	3.4
training.scd.1235	T	3.2
training.scd.1236	T	3.2
training.scd.1237	T	3.4
training.scd.1238	T	3.6
training.scd.1239	T	3.4
training.scd.1240	T	3.6
training.scd.1241	T	3.6
training.scd.1242	F	2.2
training.scd.1243	T	4.0
training.scd.1244	T	3.4
training.scd.1245	T	3.2
training.scd.1246	T	3.2
training.scd.1247	T	3.6
training.scd.1248	T	3.8
training.scd.1249	T	3.8
training.scd.1250	T	3.2
training.scd.1251	T	3.0
training.scd.1252	T	3.4
training.scd.1253	T	4.0
training.scd.1254	T	4.0
training.scd.1255	T	3.4
training.scd.1256	T	3.0
training.scd.1257	T	3.8
training.scd.1258	T	3.0
training.scd.1259	T	3.2
training.scd.1260	T	3.0
training.scd.1261	F	1.8
training.scd.1262	F	2.2
training.scd.1263	T	3.4
training.scd.1264	T	4.0
training.scd.1265	T	3.6
training.scd.1266	T	4.0
training.scd.1267	T	3.4
training.scd.1268	T	4.0
training.scd.1269	T	3.8
training.scd.1270	T	3.8
training.scd.1271	T	3.4
training.scd.1272	F	2.6
training.scd.1273	T	4.0
training.scd.1274	T	4.0
training.scd.1275	T	4.0
training.scd.1276	F	2.6
training.scd.1277	F	2.6
training.scd.1278	T	3.8
training.scd.1279	T	3.6
training.scd.1280	T	3.8
training.scd.1281	T	3.8
training.scd.1282	T	3.8
training.scd.1283	T	3.4
training.scd.1284	T	3.4
training.scd.1285	T	4.0
training.scd.1286	T	3.6
training.scd.1287	T	3.8
training.scd.1288	T	3.6
training.scd.1289	T	3.0
training.scd.1290	T	3.0
training.scd.1291	T	3.6
training.scd.1292	T	3.8
training.scd.1293	T	4.0
training.scd.1294	T	4.0
training.scd.1295	T	3.4
training.scd.1296	T	4.0
training.scd.1297	T	3.8
training.scd.1298	T	3.8
training.scd.1299	T	3.8
training.scd.1300	T	3.4
training.scd.1301	F	2.6
training.scd.1302	F	2.6
training.scd.1303	T	4.0
training.scd.1304	T	4.0
training.scd.1305	T	3.6
training.scd.1306	T	3.8
training.scd.1307	F	2.6
training.scd.1308	T	4.0
training.scd.1309	T	3.2
training.scd.1310	F	2.6
training.scd.1311	F	2.2
training.scd.1312	F	1.2
training.scd.1313	T	3.0
training.scd.1314	T	4.0
training.scd.1315	T	3.0
training.scd.1316	T	3.2
training.scd.1317	T	4.0
training.scd.1318	T	3.0
training.scd.1319	T	4.0
training.scd.1320	F	2.6
training.scd.1321	T	3.6
training.scd.1322	T	4.0
training.scd.1323	T	4.0
training.scd.1324	F	2.0
training.scd.1325	T	3.2
training.scd.1326	F	2.0
training.scd.1327	T	4.0
training.scd.1328	T	3.2
training.scd.1329	T	4.0
training.scd.1330	F	2.2
training.scd.1331	T	3.8
training.scd.1332	F	2.0
training.scd.1333	T	3.8
training.scd.1334	F	2.8
training.scd.1335	F	2.0
training.scd.1336	T	4.0
training.scd.1337	T	4.0
training.scd.1338	T	3.4
training.scd.1339	T	3.0
training.scd.1340	T	3.0
training.scd.1341	T	3.6
training.scd.1342	T	3.8
training.scd.1343	T	3.0
training.scd.1344	T	3.0
training.scd.1345	T	3.4
training.scd.1346	T	3.0
training.scd.1347	T	4.0
training.scd.1348	T	3.4
training.scd.1349	T	3.6
training.scd.1350	T	3.2
training.scd.1351	T	4.0
training.scd.1352	T	4.0
training.scd.1353	F	2.2
training.scd.1354	T	4.0
training.scd.1355	F	1.8
training.scd.1356	T	3.4
training.scd.1357	T	4.0
training.scd.1358	F	1.8
training.scd.1359	F	2.4
training.scd.1360	T	3.0
training.scd.1361	F	2.6
training.scd.1362	F	2.0
training.scd.1363	T	3.4
training.scd.1364	T	4.0
training.scd.1365	T	3.8
training.scd.1366	T	3.8
training.scd.1367	T	4.0
training.scd.1368	T	4.0
training.scd.1369	T	4.0
training.scd.1370	T	4.0
training.scd.1371	T	3.6
training.scd.1372	T	3.6
training.scd.1373	T	3.6
training.scd.1374	T	3.4
training.scd.1375	T	4.0
training.scd.1376	F	2.0
training.scd.1377	T	3.2
training.scd.1378	F	2.6
training.scd.1379	T	3.2
training.scd.1380	T	3.6
training.scd.1381	T	3.8
training.scd.1382	T	3.8
training.scd.1383	T	4.0
training.scd.1384	T	3.2
training.scd.1385	F	1.2
training.scd.1386	F	1.2
training.scd.1387	T	4.0
training.scd.1388	F	2.8
training.scd.1389	T	3.8
training.scd.1390	T	4.0
training.scd.1391	T	3.4
training.scd.1392	F	1.6
training.scd.1393	T	3.6
training.scd.1394	T	3.0
training.scd.1395	F	2.4
training.scd.1396	T	3.4
training.scd.1397	T	3.6
training.scd.1398	T	3.0
training.scd.1399	F	2.8
training.scd.1400	T	3.0
training.scd.1401	F	1.2
training.scd.1402	T	3.4
training.scd.1403	T	3.0
training.scd.1404	T	3.0
training.scd.1405	T	4.0
training.scd.1406	T	4.0
training.scd.1407	T	3.6
training.scd.1408	T	3.4
training.scd.1409	F	1.4
training.scd.1410	T	4.0
training.scd.1411	T	3.4
training.scd.1412	T	3.8
training.scd.1413	T	3.2
training.scd.1414	T	3.6
training.scd.1415	F	2.2
training.scd.1416	F	2.2
training.scd.1417	T	3.4
training.scd.1418	F	1.0
training.scd.1419	F	1.0
training.scd.1420	F	1.0
training.scd.1421	F	1.0
training.scd.1422	T	4.0
training.scd.1423	T	3.0
training.scd.1424	T	4.0
training.scd.1425	F	1.6
training.scd.1426	T	4.0
training.scd.1427	T	3.0
training.scd.1428	F	2.8
training.scd.1429	F	1.8
training.scd.1430	T	3.4
training.scd.1431	F	1.6
training.scd.1432	F	2.8
training.scd.1433	T	3.8
training.scd.1434	F	2.8
training.scd.1435	T	3.4
training.scd.1436	T	4.0
training.scd.1437	T	4.0
training.scd.1438	T	4.0
training.scd.1439	T	4.0
training.scd.1440	T	3.6
training.scd.1441	T	4.0
training.scd.1442	T	4.0
training.scd.1443	T	4.0
training.scd.1444	T	3.6
training.scd.1445	T	3.4
training.scd.1446	T	4.0
training.scd.1447	T	3.4
training.scd.1448	T	3.8
training.scd.1449	T	3.8
training.scd.1450	T	4.0
training.scd.1451	T	3.4
training.scd.1452	T	3.8
training.scd.1453	T	4.0
training.scd.1454	T	4.0
training.scd.1455	T	3.4
training.scd.1456	T	4.0
training.scd.1457	T	4.0
training.scd.1458	F	2.8
training.scd.1459	T	3.6
training.scd.1460	T	4.0
training.scd.1461	T	4.0
training.scd.1462	T	4.0
training.scd.1463	T	4.0
training.scd.1464	T	4.0
training.scd.1465	T	4.0
training.scd.1466	T	4.0
training.scd.1467	T	4.0
training.scd.1468	T	4.0
training.scd.1469	T	3.2
training.scd.1470	T	3.6
training.scd.1471	T	4.0
training.scd.1472	T	4.0
training.scd.1473	T	3.4
training.scd.1474	F	2.6
training.scd.1475	T	3.4
training.scd.1476	T	4.0
training.scd.1477	T	3.6
training.scd.1478	T	3.8
training.scd.1479	T	4.0
training.scd.1480	T	3.8
training.scd.1481	T	3.6
training.scd.1482	T	3.2
training.scd.1483	T	3.6
training.scd.1484	T	4.0
training.scd.1485	T	3.8
training.scd.1486	T	3.8
training.scd.1487	T	3.0
training.scd.1488	T	3.4
training.scd.1489	T	4.0
training.scd.1490	T	4.0
training.scd.1491	T	3.4
training.scd.1492	T	4.0
training.scd.1493	T	4.0
training.scd.1494	T	4.0
training.scd.1495	T	3.2
training.scd.1496	T	3.8
training.scd.1497	T	3.8
training.scd.1498	T	3.8
training.scd.1499	T	4.0
training.scd.1500	T	4.0
training.scd.1501	T	3.4
training.scd.1502	F	2.2
training.scd.1503	T	3.2
training.scd.1504	F	1.6
training.scd.1505	T	3.2
training.scd.1506	F	2.8
training.scd.1507	T	3.8
training.scd.1508	T	3.8
training.scd.1509	F	1.8
training.scd.1510	F	1.4
training.scd.1511	F	1.4
training.scd.1512	F	2.2
training.scd.1513	F	2.2
training.scd.1514	T	4.0
training.scd.1515	F	1.8
training.scd.1516	F	2.8
training.scd.1517	T	3.8
training.scd.1518	F	1.2
training.scd.1519	F	2.4
training.scd.1520	F	2.4
training.scd.1521	F	1.8
training.scd.1522	F	2.6
training.scd.1523	F	2.8
training.scd.1524	F	1.4
training.scd.1525	F	2.0
training.scd.1526	F	1.4
training.scd.1527	F	2.2
training.scd.1528	F	2.2
training.scd.1529	T	3.0
training.scd.1530	T	3.2
training.scd.1531	F	1.4
training.scd.1532	T	3.0
training.scd.1533	F	2.2
training.scd.1534	T	3.2
training.scd.1535	F	2.2
training.scd.1536	F	1.2
training.scd.1537	T	4.0
training.scd.1538	F	1.4
training.scd.1539	T	3.4
training.scd.1540	T	3.4
training.scd.1541	T	3.4
training.scd.1542	T	3.0
training.scd.1543	F	1.4
training.scd.1544	F	2.4
training.scd.1545	F	2.0
training.scd.1546	F	1.2
training.scd.1547	F	1.8
training.scd.1548	F	2.2
training.scd.1549	F	1.6
training.scd.1550	F	2.2
training.scd.1551	T	3.2
training.scd.1552	F	2.8
training.scd.1553	F	2.4
training.scd.1554	T	3.4
training.scd.1555	F	1.2
training.scd.1556	F	2.6
training.scd.1557	F	1.2
training.scd.1558	F	2.6
training.scd.1559	F	1.4
training.scd.1560	T	3.8
training.scd.1561	F	1.8
training.scd.1562	F	1.0
training.scd.1563	T	3.8
training.scd.1564	F	1.6
training.scd.1565	T	4.0
training.scd.1566	F	1.0
training.scd.1567	F	2.6
training.scd.1568	T	4.0
training.scd.1569	F	1.0
training.scd.1570	F	1.0
training.scd.1571	T	4.0
training.scd.1572	T	3.0
training.scd.1573	T	3.0
training.scd.1574	T	4.0
training.scd.1575	T	4.0
training.scd.1576	F	1.0
training.scd.1577	T	3.8
training.scd.1578	T	4.0
training.scd.1579	T	4.0
training.scd.1580	T	4.0
training.scd.1581	T	4.0
training.scd.1582	T	4.0
training.scd.1583	F	1.0
training.scd.1584	T	3.8
training.scd.1585	F	1.4
training.scd.1586	F	1.0
training.scd.1587	F	1.2
training.scd.1588	T	4.0
training.scd.1589	F	1.0
training.scd.1590	F	1.0
training.scd.1591	F	2.6
training.scd.1592	F	1.6
training.scd.1593	T	4.0
training.scd.1594	F	1.0
training.scd.1595	F	2.6
training.scd.1596	F	1.0
training.scd.1597	F	1.6
training.scd.1598	F	1.8
training.scd.1599	T	3.4
training.scd.1600	T	3.4
training.scd.1601	T	3.4
training.scd.1602	T	4.0
training.scd.1603	T	3.4
training.scd.1604	T	4.0
training.scd.1605	F	1.0
training.scd.1606	F	1.0
training.scd.1607	F	1.0
training.scd.1608	F	1.8
training.scd.1609	F	1.0
training.scd.1610	T	4.0
training.scd.1611	F	2.4
training.scd.1612	F	2.8
training.scd.1613	T	4.0
training.scd.1614	T	4.0
training.scd.1615	T	3.4
training.scd.1616	T	4.0
training.scd.1617	T	3.8
training.scd.1618	F	1.0
training.scd.1619	F	1.6
training.scd.1620	F	1.6
training.scd.1621	T	4.0
training.scd.1622	T	4.0
training.scd.1623	T	4.0
training.scd.1624	T	4.0
training.scd.1625	T	4.0
training.scd.1626	T	3.8
training.scd.1627	F	2.2
training.scd.1628	F	1.0
training.scd.1629	T	3.4
training.scd.1630	T	4.0
training.scd.1631	T	4.0
training.scd.1632	F	1.0
training.scd.1633	F	1.0
training.scd.1634	T	4.0
training.scd.1635	F	1.0
training.scd.1636	F	1.8
training.scd.1637	T	4.0
training.scd.1638	T	4.0
training.scd.1639	T	4.0
training.scd.1640	T	4.0
training.scd.1641	T	3.2
training.scd.1642	T	3.4
training.scd.1643	T	4.0
training.scd.1644	T	3.4
training.scd.1645	T	3.0
training.scd.1646	F	2.0
training.scd.1647	F	2.6
training.scd.1648	F	1.0
training.scd.1649	T	3.4
training.scd.1650	F	1.6
training.scd.1651	F	1.0
training.scd.1652	F	1.0
training.scd.1653	T	4.0
training.scd.1654	F	1.0
training.scd.1655	T	4.0
training.scd.1656	T	4.0
training.scd.1657	T	4.0
training.scd.1658	F	1.2
training.scd.1659	T	3.2
training.scd.1660	T	4.0
training.scd.1661	F	1.2
training.scd.1662	F	1.0
training.scd.1663	F	1.6
training.scd.1664	T	4.0
training.scd.1665	F	1.0
training.scd.1666	T	3.4
training.scd.1667	F	1.4
training.scd.1668	T	3.4
training.scd.1669	T	4.0
training.scd.1670	T	4.0
training.scd.1671	F	1.0
training.scd.1672	F	1.0
training.scd.1673	F	1.0
training.scd.1674	T	4.0
training.scd.1675	F	1.0
training.scd.1676	F	1.0
training.scd.1677	F	1.0
training.scd.1678	F	1.0
training.scd.1679	F	1.0
training.scd.1680	T	4.0
training.scd.1681	F	1.0
training.scd.1682	T	3.8
training.scd.1683	T	4.0
training.scd.1684	F	2.2
training.scd.1685	F	1.0
training.scd.1686	F	1.2
training.scd.1687	F	1.8
training.scd.1688	F	1.0
training.scd.1689	T	4.0
training.scd.1690	F	1.0
training.scd.1691	F	2.0
training.scd.1692	F	1.0
training.scd.1693	F	1.0
training.scd.1694	T	4.0
training.scd.1695	F	1.0
training.scd.1696	F	1.0
training.scd.1697	F	1.0
training.scd.1698	F	1.0
training.scd.1699	F	1.0
training.scd.1700	T	4.0
training.scd.1701	T	4.0
training.scd.1702	T	3.2
training.scd.1703	T	4.0
training.scd.1704	F	1.0
training.scd.1705	T	4.0
training.scd.1706	T	4.0
training.scd.1707	T	4.0
training.scd.1708	T	4.0
training.scd.1709	F	1.0
training.scd.1710	F	1.0
training.scd.1711	F	2.0
training.scd.1712	T	4.0
training.scd.1713	T	4.0
training.scd.1714	F	2.2
training.scd.1715	F	1.0
training.scd.1716	T	3.4
training.scd.1717	T	3.4
training.scd.1718	T	3.4
training.scd.1719	T	3.8
training.scd.1720	F	1.0
training.scd.1721	T	4.0
training.scd.1722	F	1.0
training.scd.1723	F	1.0
training.scd.1724	F	1.0
training.scd.1725	F	1.0
training.scd.1726	F	1.4
training.scd.1727	F	1.4
training.scd.1728	F	2.0
training.scd.1729	F	1.2
training.scd.1730	F	1.2
training.scd.1731	F	1.2
training.scd.1732	T	3.8
training.scd.1733	F	1.0
training.scd.1734	T	3.6
training.scd.1735	T	4.0
training.scd.1736	T	3.6
training.scd.1737	T	3.2
training.scd.1738	F	1.0
training.scd.1739	T	3.2
training.scd.1740	F	1.4
training.scd.1741	T	3.0
training.scd.1742	F	1.2
training.scd.1743	T	3.0
training.scd.1744	T	4.0
training.scd.1745	T	3.4
training.scd.1746	F	1.2
training.scd.1747	F	1.0
training.scd.1748	T	3.8
training.scd.1749	T	3.8
training.scd.1750	F	1.0
training.scd.1751	T	3.0
training.scd.1752	F	1.6
training.scd.1753	T	3.2
training.scd.1754	T	3.8
training.scd.1755	F	1.2
training.scd.1756	F	2.6
training.scd.1757	F	1.2
training.scd.1758	F	1.2
training.scd.1759	F	1.2
training.scd.1760	F	1.6
training.scd.1761	F	2.2
training.scd.1762	F	2.2
training.scd.1763	F	1.6
training.scd.1764	F	1.6
training.scd.1765	F	1.8
training.scd.1766	F	1.8
training.scd.1767	F	1.0
training.scd.1768	F	1.0
training.scd.1769	F	2.6
training.scd.1770	F	1.0
training.scd.1771	T	3.2
training.scd.1772	F	1.0
training.scd.1773	T	3.8
training.scd.1774	T	3.4
training.scd.1775	T	3.8
training.scd.1776	F	1.4
training.scd.1777	T	3.0
training.scd.1778	F	1.8
training.scd.1779	F	1.8
training.scd.1780	T	4.0
training.scd.1781	F	1.0
training.scd.1782	F	1.0
training.scd.1783	F	1.0
training.scd.1784	F	1.0
training.scd.1785	F	1.6
training.scd.1786	F	2.4
training.scd.1787	F	2.4
training.scd.1788	F	1.8
training.scd.1789	F	1.0
training.scd.1790	F	1.8
training.scd.1791	F	1.0
training.scd.1792	T	4.0
training.scd.1793	T	3.2
training.scd.1794	F	1.6
training.scd.1795	F	1.6
training.scd.1796	T	3.4
training.scd.1797	T	4.0
training.scd.1798	T	4.0
training.scd.1799	T	4.0
training.scd.1800	T	3.4
training.scd.1801	F	1.0
training.scd.1802	T	3.6
training.scd.1803	T	3.4
training.scd.1804	T	3.4
training.scd.1805	T	4.0
training.scd.1806	T	4.0
training.scd.1807	F	2.6
training.scd.1808	F	2.6
training.scd.1809	F	1.4
training.scd.1810	F	1.4
training.scd.1811	F	1.4
training.scd.1812	T	3.4
training.scd.1813	T	3.2
training.scd.1814	F	1.0
training.scd.1815	T	3.6
training.scd.1816	T	3.8
training.scd.1817	T	3.8
training.scd.1818	T	3.4
training.scd.1819	T	3.8
training.scd.1820	T	3.4
training.scd.1821	T	3.4
training.scd.1822	T	3.8
training.scd.1823	T	3.4
training.scd.1824	T	3.4
training.scd.1825	T	3.4
training.scd.1826	F	2.0
training.scd.1827	T	3.8
training.scd.1828	T	4.0
training.scd.1829	F	1.0
training.scd.1830	T	3.4
training.scd.1831	T	4.0
training.scd.1832	T	4.0
training.scd.1833	T	3.2
training.scd.1834	F	2.8
training.scd.1835	F	2.8
training.scd.1836	T	4.0
training.scd.1837	T	3.0
training.scd.1838	T	3.8
training.scd.1839	T	3.8
training.scd.1840	T	3.8
training.scd.1841	T	4.0
training.scd.1842	T	4.0
training.scd.1843	T	4.0
training.scd.1844	T	4.0
training.scd.1845	F	1.0
training.scd.1846	T	3.2
training.scd.1847	F	2.4
training.scd.1848	F	2.8
training.scd.1849	T	3.6
training.scd.1850	T	3.0
training.scd.1851	T	3.0
training.scd.1852	T	4.0
training.scd.1853	T	3.4
training.scd.1854	T	3.4
training.scd.1855	T	3.8
training.scd.1856	T	3.2
training.scd.1857	T	4.0
training.scd.1858	T	3.4
training.scd.1859	T	3.4
training.scd.1860	T	3.8
training.scd.1861	T	4.0
training.scd.1862	T	4.0
training.scd.1863	F	1.0
training.scd.1864	T	3.8
training.scd.1865	T	3.8
training.scd.1866	T	3.8
training.scd.1867	T	3.8
training.scd.1868	T	4.0
training.scd.1869	F	2.0
training.scd.1870	F	2.6
training.scd.1871	F	1.0
training.scd.1872	F	1.0
training.scd.1873	T	3.6
training.scd.1874	F	1.8
training.scd.1875	F	1.8
training.scd.1876	F	1.2
training.scd.1877	F	1.8
training.scd.1878	T	3.2
training.scd.1879	T	3.2
training.scd.1880	T	3.2
training.scd.1881	F	1.0
training.scd.1882	F	1.4
training.scd.1883	F	1.2
training.scd.1884	F	2.0
training.scd.1885	T	3.6
training.scd.1886	F	1.0
training.scd.1887	F	1.0
training.scd.1888	F	1.0
training.scd.1889	F	2.0
training.scd.1890	F	1.0
training.scd.1891	F	1.0
training.scd.1892	F	1.6
training.scd.1893	F	1.4
training.scd.1894	T	3.2
training.scd.1895	F	1.0
training.scd.1896	F	2.2
training.scd.1897	F	2.2
training.scd.1898	F	2.2
training.scd.1899	T	4.0
training.scd.1900	F	2.0
training.scd.1901	F	1.2
training.scd.1902	F	1.8
training.scd.1903	F	2.0
training.scd.1904	F	2.6
training.scd.1905	F	2.6
training.scd.1906	F	1.2
training.scd.1907	F	2.8
training.scd.1908	F	1.0
training.scd.1909	F	2.0
training.scd.1910	F	1.0
training.scd.1911	F	1.8
training.scd.1912	F	1.2
training.scd.1913	F	2.4
training.scd.1914	F	2.2
training.scd.1915	T	3.4
training.scd.1916	F	1.6
training.scd.1917	T	3.2
training.scd.1918	F	1.0
training.scd.1919	F	1.4
training.scd.1920	F	1.4
training.scd.1921	F	2.0
training.scd.1922	F	2.0
training.scd.1923	T	3.0
training.scd.1924	F	1.2
training.scd.1925	F	1.0
training.scd.1926	F	1.0
training.scd.1927	F	2.2
training.scd.1928	T	3.4
training.scd.1929	F	1.2
training.scd.1930	F	1.0
training.scd.1931	T	3.8
training.scd.1932	F	1.0
training.scd.1933	F	2.4
training.scd.1934	T	3.8
training.scd.1935	F	1.6
training.scd.1936	F	1.4
training.scd.1937	F	1.8
training.scd.1938	T	3.8
training.scd.1939	T	3.6
training.scd.1940	T	4.0
training.scd.1941	T	3.6
training.scd.1942	T	3.2
training.scd.1943	T	3.2
training.scd.1944	T	3.6
training.scd.1945	T	3.8
training.scd.1946	T	3.4
training.scd.1947	T	3.4
training.scd.1948	T	3.0
training.scd.1949	T	3.4
training.scd.1950	T	3.6
training.scd.1951	T	3.6
training.scd.1952	T	3.8
training.scd.1953	T	3.8
training.scd.1954	T	3.2
training.scd.1955	T	3.2
training.scd.1956	T	4.0
training.scd.1957	T	4.0
training.scd.1958	T	4.0
training.scd.1959	T	3.8
training.scd.1960	T	3.8
training.scd.1961	T	3.4
training.scd.1962	T	3.8
training.scd.1963	T	3.8
training.scd.1964	T	3.8
training.scd.1965	T	3.4
training.scd.1966	T	3.4
training.scd.1967	T	3.4
training.scd.1968	T	3.4
training.scd.1969	F	2.8
training.scd.1970	T	4.0
training.scd.1971	T	4.0
training.scd.1972	T	3.4
training.scd.1973	T	4.0
training.scd.1974	T	3.6
training.scd.1975	F	2.8
training.scd.1976	T	3.0
training.scd.1977	T	3.0
training.scd.1978	T	4.0
training.scd.1979	T	4.0
training.scd.1980	T	3.6
training.scd.1981	T	3.6
training.scd.1982	T	3.8
training.scd.1983	T	4.0
training.scd.1984	T	4.0
training.scd.1985	T	3.2
training.scd.1986	T	3.6
training.scd.1987	T	3.6
training.scd.1988	T	3.8
training.scd.1989	T	4.0
training.scd.1990	T	3.2
training.scd.1991	T	3.8
training.scd.1992	T	3.2
training.scd.1993	F	2.6
training.scd.1994	T	3.8
training.scd.1995	T	3.8
training.scd.1996	T	4.0
training.scd.1997	T	3.2
training.scd.1998	T	3.8
training.scd.1999	T	3.2
training.scd.2000	T	3.4
training.scd.2001	T	3.4
training.scd.2002	T	3.4
training.scd.2003	T	3.6
training.scd.2004	T	4.0
training.scd.2005	T	4.0
training.scd.2006	T	3.8
training.scd.2007	T	3.8
training.scd.2008	T	3.8
training.scd.2009	T	3.8
training.scd.2010	T	3.8
training.scd.2011	F	2.2
training.scd.2012	F	2.2
training.scd.2013	F	1.6
training.scd.2014	F	1.2
training.scd.2015	F	1.4
training.scd.2016	T	3.0
training.scd.2017	F	1.8
training.scd.2018	F	1.0
training.scd.2019	F	2.0
training.scd.2020	F	2.0
training.scd.2021	F	2.4
training.scd.2022	F	1.8
training.scd.2023	F	1.8
training.scd.2024	F	1.6
training.scd.2025	F	1.0
training.scd.2026	F	2.2
training.scd.2027	F	2.2
training.scd.2028	F	2.2
training.scd.2029	F	2.2
training.scd.2030	F	1.2
training.scd.2031	F	1.8
training.scd.2032	F	2.4
training.scd.2033	F	2.2
training.scd.2034	F	1.6
training.scd.2035	F	1.2
training.scd.2036	F	1.0
training.scd.2037	F	1.0
training.scd.2038	F	1.2
training.scd.2039	F	1.8
training.scd.2040	F	2.6
training.scd.2041	T	3.0
training.scd.2042	F	2.6
training.scd.2043	F	2.6
training.scd.2044	F	2.4
training.scd.2045	F	2.4
training.scd.2046	F	2.0
training.scd.2047	F	2.0
training.scd.2048	F	1.0
training.scd.2049	F	2.2
training.scd.2050	F	1.2
training.scd.2051	F	2.4
training.scd.2052	F	1.2
training.scd.2053	F	2.2
training.scd.2054	F	2.2
training.scd.2055	F	1.0
training.scd.2056	F	1.0
training.scd.2057	F	1.2
training.scd.2058	F	1.2
training.scd.2059	F	1.0
training.scd.2060	F	1.2
training.scd.2061	F	1.2
training.scd.2062	T	3.4
training.scd.2063	T	3.4
training.scd.2064	F	1.8
training.scd.2065	F	1.0
training.scd.2066	T	3.6
training.scd.2067	T	4.0
training.scd.2068	T	3.0
training.scd.2069	F	1.8
training.scd.2070	T	3.4
training.scd.2071	F	2.2
training.scd.2072	F	2.2
training.scd.2073	F	1.6
training.scd.2074	F	1.4
training.scd.2075	F	1.4
training.scd.2076	F	1.2
training.scd.2077	T	3.4
training.scd.2078	T	3.0
training.scd.2079	F	2.0
training.scd.2080	T	4.0
training.scd.2081	T	3.4
training.scd.2082	T	3.4
training.scd.2083	F	2.8
training.scd.2084	T	4.0
training.scd.2085	F	2.8
training.scd.2086	F	2.4
training.scd.2087	F	2.4
training.scd.2088	T	4.0
training.scd.2089	F	1.6
training.scd.2090	T	3.8
training.scd.2091	T	3.4
training.scd.2092	F	1.6
training.scd.2093	T	4.0
training.scd.2094	F	2.6
training.scd.2095	F	1.8
training.scd.2096	T	3.2
training.scd.2097	F	2.4
training.scd.2098	F	2.2
training.scd.2099	T	4.0
training.scd.2100	T	4.0
training.scd.2101	T	3.6
training.scd.2102	T	3.6
training.scd.2103	T	4.0
training.scd.2104	T	3.2
training.scd.2105	T	3.6
training.scd.2106	T	3.0
training.scd.2107	T	4.0
training.scd.2108	T	3.2
training.scd.2109	T	3.0
training.scd.2110	T	4.0
training.scd.2111	F	2.0
training.scd.2112	F	2.0
training.scd.2113	T	3.4
training.scd.2114	T	4.0
training.scd.2115	T	3.4
training.scd.2116	T	4.0
training.scd.2117	T	3.8
training.scd.2118	T	3.0
training.scd.2119	T	3.6
training.scd.2120	T	3.0
training.scd.2121	T	3.4
training.scd.2122	T	4.0
training.scd.2123	T	4.0
training.scd.2124	F	2.6
training.scd.2125	F	2.6
training.scd.2126	T	4.0
training.scd.2127	T	3.2
training.scd.2128	T	3.0
training.scd.2129	T	3.2
training.scd.2130	T	4.0
training.scd.2131	F	1.2
training.scd.2132	T	3.8
training.scd.2133	T	3.6
training.scd.2134	F	2.8
training.scd.2135	T	3.6
training.scd.2136	T	4.0
training.scd.2137	T	4.0
training.scd.2138	T	4.0
training.scd.2139	F	2.2
training.scd.2140	T	3.8
training.scd.2141	T	4.0
training.scd.2142	T	4.0
training.scd.2143	T	3.8
training.scd.2144	T	3.6
training.scd.2145	T	4.0
training.scd.2146	T	3.6
training.scd.2147	T	3.8
training.scd.2148	T	4.0
training.scd.2149	T	3.4
training.scd.2150	T	4.0
training.scd.2151	T	3.4
training.scd.2152	T	4.0
training.scd.2153	T	4.0
training.scd.2154	T	4.0
training.scd.2155	T	3.6
training.scd.2156	T	3.8
training.scd.2157	T	4.0
training.scd.2158	T	4.0
training.scd.2159	T	4.0
training.scd.2160	T	4.0
training.scd.2161	T	4.0
training.scd.2162	T	3.6
training.scd.2163	T	3.8
training.scd.2164	T	3.2
training.scd.2165	T	3.8
training.scd.2166	T	4.0
training.scd.2167	T	4.0
training.scd.2168	F	2.6
training.scd.2169	T	3.8
training.scd.2170	T	3.0
training.scd.2171	T	3.6
training.scd.2172	T	3.6
training.scd.2173	T	3.2
training.scd.2174	T	3.8
training.scd.2175	T	4.0
training.scd.2176	T	3.6
training.scd.2177	T	3.8
training.scd.2178	T	3.8
training.scd.2179	T	3.2
training.scd.2180	T	3.2
training.scd.2181	F	2.6
training.scd.2182	T	4.0
training.scd.2183	T	4.0
training.scd.2184	T	3.6
training.scd.2185	T	4.0
training.scd.2186	T	4.0
training.scd.2187	T	3.4
training.scd.2188	F	2.6
training.scd.2189	F	2.6
training.scd.2190	T	3.2
training.scd.2191	T	3.2
training.scd.2192	T	3.8
training.scd.2193	T	3.6
training.scd.2194	T	3.6
training.scd.2195	T	4.0
training.scd.2196	T	4.0
training.scd.2197	T	3.8
training.scd.2198	T	3.8
training.scd.2199	T	3.2
training.scd.2200	T	3.0
training.scd.2201	T	3.0
training.scd.2202	T	3.6
training.scd.2203	T	3.6
training.scd.2204	T	3.4
training.scd.2205	T	3.4
training.scd.2206	T	4.0
training.scd.2207	T	3.4
training.scd.2208	F	2.8
training.scd.2209	T	3.4
training.scd.2210	T	3.0
training.scd.2211	T	3.8
training.scd.2212	T	3.8
training.scd.2213	T	3.8
training.scd.2214	T	3.8
training.scd.2215	T	3.8
training.scd.2216	T	3.0
training.scd.2217	T	3.6
training.scd.2218	T	3.8
training.scd.2219	T	3.2
training.scd.2220	F	2.2
training.scd.2221	T	3.2
training.scd.2222	T	4.0
training.scd.2223	T	3.6
training.scd.2224	T	3.6
training.scd.2225	T	3.6
training.scd.2226	T	3.2
training.scd.2227	F	2.6
training.scd.2228	T	3.2
training.scd.2229	T	4.0
training.scd.2230	T	4.0
training.scd.2231	T	3.2
training.scd.2232	T	3.6
training.scd.2233	T	3.8
training.scd.2234	T	3.0
training.scd.2235	T	3.4
training.scd.2236	T	3.8
training.scd.2237	T	3.8
training.scd.2238	T	4.0
training.scd.2239	T	4.0
training.scd.2240	T	3.6
training.scd.2241	T	3.6
training.scd.2242	T	3.6
training.scd.2243	T	3.8
training.scd.2244	T	3.0
training.scd.2245	T	3.0
training.scd.2246	T	4.0
training.scd.2247	T	4.0
training.scd.2248	T	4.0
training.scd.2249	T	4.0
training.scd.2250	T	3.8
training.scd.2251	T	3.6
training.scd.2252	T	3.8
training.scd.2253	F	1.8
training.scd.2254	F	2.4
training.scd.2255	T	3.2
training.scd.2256	T	3.8
training.scd.2257	F	2.6
training.scd.2258	F	2.6
training.scd.2259	T	3.8
training.scd.2260	T	4.0
training.scd.2261	F	2.6
training.scd.2262	T	4.0
training.scd.2263	T	4.0
training.scd.2264	T	3.8
training.scd.2265	T	3.6
training.scd.2266	F	2.6
training.scd.2267	F	1.4
training.scd.2268	T	4.0
training.scd.2269	F	2.4
training.scd.2270	T	4.0
training.scd.2271	F	2.6
training.scd.2272	F	1.4
training.scd.2273	F	1.6
training.scd.2274	F	2.0
training.scd.2275	T	3.6
training.scd.2276	T	3.6
training.scd.2277	T	4.0
training.scd.2278	T	4.0
training.scd.2279	T	4.0
training.scd.2280	F	2.6
training.scd.2281	F	2.6
training.scd.2282	T	4.0
training.scd.2283	T	3.0
training.scd.2284	T	4.0
training.scd.2285	T	3.4
training.scd.2286	T	4.0
training.scd.2287	T	3.8
training.scd.2288	T	3.8
training.scd.2289	F	2.6
training.scd.2290	T	3.0
training.scd.2291	F	2.4
training.scd.2292	F	1.8
training.scd.2293	T	3.0
training.scd.2294	T	3.4
training.scd.2295	T	4.0
training.scd.2296	T	4.0
training.scd.2297	F	2.6
training.scd.2298	T	3.8
training.scd.2299	F	1.8
training.scd.2300	T	4.0
training.scd.2301	T	3.8
training.scd.2302	T	3.6
training.scd.2303	T	3.8
training.scd.2304	T	3.8
training.scd.2305	T	3.8
training.scd.2306	T	4.0
training.scd.2307	T	4.0
training.scd.2308	F	2.8
training.scd.2309	F	2.8
training.scd.2310	T	3.8
training.scd.2311	T	3.8
training.scd.2312	T	3.8
training.scd.2313	T	4.0
training.scd.2314	T	4.0
training.scd.2315	T	3.8
training.scd.2316	T	3.6
training.scd.2317	T	3.6
training.scd.2318	T	3.4
training.scd.2319	T	4.0
training.scd.2320	T	4.0
training.scd.2321	T	3.6
training.scd.2322	T	4.0
training.scd.2323	T	4.0
training.scd.2324	T	4.0
training.scd.2325	T	4.0
training.scd.2326	T	4.0
training.scd.2327	T	4.0
training.scd.2328	T	4.0
training.scd.2329	T	4.0
training.scd.2330	T	4.0
training.scd.2331	T	4.0
training.scd.2332	T	4.0
training.scd.2333	F	2.6
training.scd.2334	F	2.6
training.scd.2335	T	3.6
training.scd.2336	T	3.6
training.scd.2337	T	4.0
training.scd.2338	T	3.6
training.scd.2339	T	3.6
training.scd.2340	T	4.0
training.scd.2341	T	4.0
training.scd.2342	T	4.0
training.scd.2343	T	4.0
training.scd.2344	T	4.0
training.scd.2345	T	4.0
training.scd.2346	T	4.0
training.scd.2347	T	3.4
training.scd.2348	T	4.0
training.scd.2349	T	4.0
training.scd.2350	T	4.0
training.scd.2351	T	4.0
training.scd.2352	T	4.0
training.scd.2353	T	4.0
training.scd.2354	T	3.6
training.scd.2355	T	4.0
training.scd.2356	T	4.0
training.scd.2357	F	1.6
training.scd.2358	F	1.6
training.scd.2359	T	3.8
training.scd.2360	T	4.0
training.scd.2361	T	3.4
training.scd.2362	T	4.0
training.scd.2363	T	3.6
training.scd.2364	T	3.2
training.scd.2365	T	4.0
training.scd.2366	T	4.0
training.scd.2367	T	3.6
training.scd.2368	T	3.6
training.scd.2369	T	3.6
training.scd.2370	T	3.6
training.scd.2371	T	3.4
training.scd.2372	T	3.4
training.scd.2373	T	3.4
training.scd.2374	T	3.4
training.scd.2375	T	3.4
training.scd.2376	T	3.4
training.scd.2377	T	3.8
training.scd.2378	T	4.0
training.scd.2379	T	4.0
training.scd.2380	T	3.6
training.scd.2381	T	3.4
training.scd.2382	T	3.4
training.scd.2383	T	4.0
training.scd.2384	T	4.0
training.scd.2385	T	4.0
training.scd.2386	T	4.0
training.scd.2387	T	3.8
training.scd.2388	T	4.0
training.scd.2389	T	3.8
training.scd.2390	T	4.0
training.scd.2391	T	4.0
training.scd.2392	T	4.0
training.scd.2393	T	3.8
training.scd.2394	T	3.8
training.scd.2395	T	4.0
training.scd.2396	T	4.0
training.scd.2397	T	4.0
training.scd.2398	T	4.0
training.scd.2399	T	3.8
training.scd.2400	T	3.8
training.scd.2401	T	3.4
training.scd.2402	T	4.0
training.scd.2403	T	3.6
training.scd.2404	T	3.6
training.scd.2405	T	3.6
training.scd.2406	T	3.8
training.scd.2407	F	1.6
training.scd.2408	T	3.0
training.scd.2409	T	3.6
training.scd.2410	T	4.0
training.scd.2411	T	3.0
training.scd.2412	F	1.4
training.scd.2413	F	2.6
training.scd.2414	T	3.8
training.scd.2415	T	3.2
training.scd.2416	F	1.0
training.scd.2417	T	3.8
training.scd.2418	F	2.2
training.scd.2419	T	4.0
training.scd.2420	F	2.8
training.scd.2421	T	3.2
training.scd.2422	T	3.2
training.scd.2423	F	2.0
training.scd.2424	T	3.8
training.scd.2425	F	2.2
training.scd.2426	F	1.6
training.scd.2427	F	2.4
training.scd.2428	T	4.0
training.scd.2429	T	3.0
training.scd.2430	T	3.8
training.scd.2431	T	3.8
training.scd.2432	F	2.6
training.scd.2433	F	2.6
training.scd.2434	F	2.8
training.scd.2435	T	3.6
training.scd.2436	F	2.8
training.scd.2437	T	3.0
training.scd.2438	T	3.0
training.scd.2439	T	4.0
training.scd.2440	T	3.6
training.scd.2441	T	4.0
training.scd.2442	T	3.0
training.scd.2443	F	2.2
training.scd.2444	F	2.2
training.scd.2445	F	2.4
training.scd.2446	F	2.8
training.scd.2447	F	1.0
training.scd.2448	F	2.4
training.scd.2449	F	1.6
training.scd.2450	T	3.2
training.scd.2451	T	4.0
training.scd.2452	F	2.0
training.scd.2453	F	2.2
training.scd.2454	T	3.4
training.scd.2455	F	1.0
training.scd.2456	T	3.8
training.scd.2457	F	1.0
training.scd.2458	F	2.4
training.scd.2459	F	2.4
training.scd.2460	F	1.6
training.scd.2461	T	3.8
training.scd.2462	T	4.0
training.scd.2463	T	4.0
training.scd.2464	T	4.0
training.scd.2465	T	4.0
training.scd.2466	T	4.0
training.scd.2467	T	4.0
training.scd.2468	T	4.0
training.scd.2469	T	4.0
training.scd.2470	T	3.8
training.scd.2471	T	4.0
training.scd.2472	T	4.0
training.scd.2473	T	3.8
training.scd.2474	T	4.0
training.scd.2475	T	4.0
training.scd.2476	T	4.0
training.scd.2477	T	3.4
training.scd.2478	T	3.6
training.scd.2479	T	4.0
training.scd.2480	T	3.8
training.scd.2481	F	2.8
training.scd.2482	T	3.4
training.scd.2483	T	4.0
training.scd.2484	T	4.0
training.scd.2485	T	4.0
training.scd.2486	T	4.0
training.scd.2487	T	4.0
training.scd.2488	T	4.0
training.scd.2489	T	3.4
training.scd.2490	T	4.0
training.scd.2491	T	4.0
training.scd.2492	T	4.0
training.scd.2493	T	3.8
training.scd.2494	T	4.0
training.scd.2495	T	4.0
training.scd.2496	T	3.8
training.scd.2497	T	4.0
training.scd.2498	T	4.0
training.scd.2499	T	3.8
training.scd.2500	T	3.8
training.scd.2501	T	4.0
training.scd.2502	T	4.0
training.scd.2503	T	3.8
training.scd.2504	T	4.0
training.scd.2505	T	4.0
training.scd.2506	T	4.0
training.scd.2507	T	4.0
training.scd.2508	T	4.0
training.scd.2509	T	3.4
training.scd.2510	T	3.4
training.scd.2511	T	3.4
training.scd.2512	T	3.4
training.scd.2513	T	3.4
training.scd.2514	T	4.0
training.scd.2515	T	3.0
training.scd.2516	T	3.2
training.scd.2517	T	4.0
training.scd.2518	T	4.0
training.scd.2519	T	4.0
training.scd.2520	T	4.0
training.scd.2521	T	3.8
training.scd.2522	T	3.6
training.scd.2523	T	3.8
training.scd.2524	T	4.0
training.scd.2525	T	3.4
training.scd.2526	T	4.0
training.scd.2527	F	1.0
training.scd.2528	F	1.0
training.scd.2529	F	1.0
training.scd.2530	F	2.2
training.scd.2531	T	3.2
training.scd.2532	F	2.8
training.scd.2533	T	3.4
training.scd.2534	F	1.0
training.scd.2535	F	1.0
training.scd.2536	F	1.6
training.scd.2537	T	3.4
training.scd.2538	F	2.8
training.scd.2539	F	1.0
training.scd.2540	T	4.0
training.scd.2541	F	1.0
training.scd.2542	F	1.6
training.scd.2543	T	3.8
training.scd.2544	T	4.0
training.scd.2545	T	3.4
training.scd.2546	F	1.0
training.scd.2547	T	3.4
training.scd.2548	T	3.4
training.scd.2549	F	1.0
training.scd.2550	T	4.0
training.scd.2551	T	4.0
training.scd.2552	T	3.4
training.scd.2553	F	1.6
training.scd.2554	F	1.6
training.scd.2555	F	2.8
training.scd.2556	T	4.0
training.scd.2557	T	4.0
training.scd.2558	F	1.0
training.scd.2559	F	1.2
training.scd.2560	F	2.6
training.scd.2561	F	2.2
training.scd.2562	T	3.8
training.scd.2563	T	4.0
training.scd.2564	T	3.4
training.scd.2565	T	4.0
training.scd.2566	T	4.0
training.scd.2567	T	4.0
training.scd.2568	T	4.0
training.scd.2569	T	4.0
training.scd.2570	T	3.2
training.scd.2571	T	3.8
training.scd.2572	T	4.0
training.scd.2573	T	3.8
training.scd.2574	T	4.0
training.scd.2575	T	4.0
training.scd.2576	T	4.0
training.scd.2577	T	4.0
training.scd.2578	T	3.8
training.scd.2579	T	3.2
training.scd.2580	T	4.0
training.scd.2581	T	4.0
training.scd.2582	T	4.0
training.scd.2583	T	3.8
training.scd.2584	T	4.0
training.scd.2585	T	4.0
training.scd.2586	F	1.4
training.scd.2587	T	4.0
training.scd.2588	T	4.0
training.scd.2589	T	3.4
training.scd.2590	T	4.0
training.scd.2591	T	4.0
training.scd.2592	T	4.0
training.scd.2593	T	4.0
training.scd.2594	F	2.0
training.scd.2595	T	3.8
training.scd.2596	T	4.0
training.scd.2597	T	4.0
training.scd.2598	T	4.0
training.scd.2599	T	4.0
training.scd.2600	T	3.2
training.scd.2601	T	3.6
training.scd.2602	T	3.0
training.scd.2603	T	3.2
training.scd.2604	T	4.0
training.scd.2605	F	1.0
training.scd.2606	T	4.0
training.scd.2607	T	3.8
training.scd.2608	F	2.6
training.scd.2609	T	4.0
training.scd.2610	T	3.4
training.scd.2611	T	3.4
training.scd.2612	T	4.0
training.scd.2613	T	4.0
training.scd.2614	T	4.0
training.scd.2615	T	4.0
training.scd.2616	F	1.8
training.scd.2617	F	2.4
training.scd.2618	T	4.0
training.scd.2619	T	4.0
training.scd.2620	T	4.0
training.scd.2621	F	1.2
training.scd.2622	T	4.0
training.scd.2623	T	4.0
training.scd.2624	F	1.4
training.scd.2625	F	1.4
training.scd.2626	T	3.4
training.scd.2627	T	3.8
training.scd.2628	T	3.4
training.scd.2629	F	1.0
training.scd.2630	T	4.0
training.scd.2631	F	1.4
training.scd.2632	F	1.0
training.scd.2633	F	1.0
training.scd.2634	T	4.0
training.scd.2635	F	1.6
training.scd.2636	F	2.6
training.scd.2637	T	3.8
training.scd.2638	T	3.2
training.scd.2639	T	3.6
training.scd.2640	F	1.2
training.scd.2641	F	2.0
training.scd.2642	T	3.8
training.scd.2643	F	1.4
training.scd.2644	F	1.6
training.scd.2645	F	1.0
training.scd.2646	F	1.0
training.scd.2647	F	1.2
training.scd.2648	F	1.2
training.scd.2649	T	3.8
training.scd.2650	F	1.0
training.scd.2651	T	3.8
training.scd.2652	T	3.8
training.scd.2653	F	1.0
training.scd.2654	T	4.0
training.scd.2655	F	1.0
training.scd.2656	T	4.0
training.scd.2657	T	3.8
training.scd.2658	F	1.0
training.scd.2659	F	1.0
training.scd.2660	T	3.2
training.scd.2661	F	1.2
training.scd.2662	F	1.0
training.scd.2663	T	3.6
training.scd.2664	F	1.0
training.scd.2665	F	1.0
training.scd.2666	F	1.0
training.scd.2667	F	1.0
training.scd.2668	F	1.0
training.scd.2669	F	1.2
training.scd.2670	T	4.0
training.scd.2671	F	1.0
training.scd.2672	T	3.8
training.scd.2673	T	4.0
training.scd.2674	F	1.0
training.scd.2675	F	1.6
training.scd.2676	F	1.0
training.scd.2677	F	1.0
training.scd.2678	F	1.0
training.scd.2679	F	1.0
training.scd.2680	T	4.0
training.scd.2681	F	1.0
training.scd.2682	F	1.0
training.scd.2683	F	1.0
training.scd.2684	F	1.2
training.scd.2685	F	1.0
training.scd.2686	F	1.0
training.scd.2687	T	3.8
training.scd.2688	T	4.0
training.scd.2689	F	1.0
training.scd.2690	F	1.0
training.scd.2691	F	1.0
training.scd.2692	F	1.0
training.scd.2693	F	1.0
training.scd.2694	T	3.4
training.scd.2695	F	1.0
training.scd.2696	F	2.8
training.scd.2697	F	1.0
training.scd.2698	F	1.0
training.scd.2699	F	1.8
training.scd.2700	T	3.0
training.scd.2701	F	1.6
training.scd.2702	T	3.8
training.scd.2703	T	3.0
training.scd.2704	T	3.6
training.scd.2705	F	2.2
training.scd.2706	F	2.6
training.scd.2707	T	3.4
training.scd.2708	T	4.0
training.scd.2709	T	4.0
training.scd.2710	T	4.0
training.scd.2711	F	1.8
training.scd.2712	F	1.6
training.scd.2713	F	1.2
training.scd.2714	F	1.2
training.scd.2715	T	4.0
training.scd.2716	T	4.0
training.scd.2717	T	4.0
training.scd.2718	T	3.2
training.scd.2719	F	2.0
training.scd.2720	T	3.4
training.scd.2721	T	4.0
training.scd.2722	F	1.8
training.scd.2723	T	4.0
training.scd.2724	T	3.4
training.scd.2725	T	4.0
training.scd.2726	F	1.6
training.scd.2727	T	3.2
training.scd.2728	T	3.6
training.scd.2729	T	3.8
training.scd.2730	T	4.0
training.scd.2731	T	4.0
training.scd.2732	F	1.8
training.scd.2733	T	4.0
training.scd.2734	T	3.0
training.scd.2735	F	2.2
training.scd.2736	T	3.4
training.scd.2737	T	3.0
training.scd.2738	T	4.0
training.scd.2739	T	3.0
training.scd.2740	F	2.0
training.scd.2741	F	2.2
training.scd.2742	F	2.6
training.scd.2743	F	1.8
training.scd.2744	F	1.8
training.scd.2745	F	1.2
training.scd.2746	T	3.8
training.scd.2747	F	2.2
training.scd.2748	T	3.8
training.scd.2749	F	1.8
training.scd.2750	T	3.0
training.scd.2751	F	2.4
training.scd.2752	T	3.8
training.scd.2753	T	3.4
training.scd.2754	F	2.4
training.scd.2755	T	3.0
training.scd.2756	F	2.6
training.scd.2757	F	2.4
training.scd.2758	T	4.0
training.scd.2759	F	1.6
training.scd.2760	F	2.2
training.scd.2761	T	3.4
training.scd.2762	F	1.4
training.scd.2763	F	1.4
training.scd.2764	F	2.0
training.scd.2765	T	3.2
training.scd.2766	F	1.6
training.scd.2767	T	3.6
training.scd.2768	T	3.6
training.scd.2769	F	1.0
training.scd.2770	F	1.2
training.scd.2771	F	1.6
training.scd.2772	F	2.0
training.scd.2773	F	1.6
training.scd.2774	T	3.2
training.scd.2775	T	3.4
training.scd.2776	F	1.6
training.scd.2777	F	1.6
training.scd.2778	F	2.4
training.scd.2779	F	2.4
training.scd.2780	F	2.4
training.scd.2781	F	2.2
training.scd.2782	F	1.4
training.scd.2783	F	1.2
training.scd.2784	F	1.6
training.scd.2785	F	2.4
training.scd.2786	F	1.6
training.scd.2787	F	2.4
training.scd.2788	F	2.4
training.scd.2789	F	2.4
training.scd.2790	F	2.4
training.scd.2791	F	1.0
training.scd.2792	F	1.0
training.scd.2793	F	2.4
training.scd.2794	F	2.4
training.scd.2795	T	3.0
training.scd.2796	T	3.0
training.scd.2797	T	3.8
training.scd.2798	T	3.8
training.scd.2799	T	3.8
training.scd.2800	T	3.8
training.scd.2801	T	3.2
training.scd.2802	F	1.4
training.scd.2803	F	1.4
training.scd.2804	F	2.0
training.scd.2805	F	2.4
training.scd.2806	F	2.2
training.scd.2807	T	3.0
training.scd.2808	F	1.4
training.scd.2809	F	2.0
training.scd.2810	F	1.8
training.scd.2811	F	2.2
training.scd.2812	F	1.2
training.scd.2813	T	3.2
training.scd.2814	F	2.6
training.scd.2815	F	2.2
training.scd.2816	F	2.2
training.scd.2817	F	2.2
training.scd.2818	F	1.8
training.scd.2819	F	2.2
training.scd.2820	T	3.2
training.scd.2821	T	3.4
training.scd.2822	T	3.4
training.scd.2823	T	3.0
training.scd.2824	F	2.2
training.scd.2825	F	2.2
training.scd.2826	F	2.2
training.scd.2827	F	1.0
training.scd.2828	F	1.0
training.scd.2829	F	2.0
training.scd.2830	F	2.4
training.scd.2831	T	3.2
training.scd.2832	T	3.2
training.scd.2833	F	2.6
training.scd.2834	F	1.4
training.scd.2835	F	1.6
training.scd.2836	T	3.8
training.scd.2837	T	3.2
training.scd.2838	T	3.2
training.scd.2839	F	1.8
training.scd.2840	F	1.8
training.scd.2841	T	3.4
training.scd.2842	T	3.8
training.scd.2843	F	2.0
training.scd.2844	T	4.0
training.scd.2845	T	3.6
training.scd.2846	T	4.0
training.scd.2847	F	1.4
training.scd.2848	T	3.6
training.scd.2849	F	2.2
training.scd.2850	T	4.0
training.scd.2851	T	4.0
training.scd.2852	T	3.4
training.scd.2853	T	3.4
training.scd.2854	T	4.0
training.scd.2855	T	3.2
training.scd.2856	F	2.4
training.scd.2857	F	2.8
training.scd.2858	T	3.4
training.scd.2859	T	3.2
training.scd.2860	F	2.4
training.scd.2861	F	1.8
training.scd.2862	T	4.0
training.scd.2863	F	2.2
training.scd.2864	F	2.6
training.scd.2865	T	4.0
training.scd.2866	F	1.8
training.scd.2867	T	3.6
training.scd.2868	T	4.0
training.scd.2869	F	1.0
training.scd.2870	T	4.0
training.scd.2871	F	2.0
training.scd.2872	T	4.0
training.scd.2873	F	2.2
training.scd.2874	F	2.6
training.scd.2875	F	1.8
training.scd.2876	F	2.8
training.scd.2877	F	2.4
training.scd.2878	F	2.8
training.scd.2879	F	2.8
training.scd.2880	F	2.8
training.scd.2881	F	1.4
training.scd.2882	T	4.0
training.scd.2883	T	3.2
training.scd.2884	F	1.6
training.scd.2885	F	2.4
training.scd.2886	T	4.0
training.scd.2887	T	3.0
training.scd.2888	T	3.6
training.scd.2889	F	2.6
training.scd.2890	F	2.2
training.scd.2891	F	1.6
training.scd.2892	F	2.0
training.scd.2893	T	4.0
training.scd.2894	T	4.0
training.scd.2895	T	3.6
training.scd.2896	F	2.0
training.scd.2897	F	2.0
training.scd.2898	F	2.0
training.scd.2899	F	1.6
training.scd.2900	F	2.6
training.scd.2901	F	2.4
training.scd.2902	F	1.8
training.scd.2903	T	3.8
training.scd.2904	T	3.4
training.scd.2905	F	1.0
training.scd.2906	T	3.0
training.scd.2907	F	2.4
training.scd.2908	F	2.8
training.scd.2909	F	1.0
training.scd.2910	T	4.0
training.scd.2911	F	2.0
training.scd.2912	F	2.6
training.scd.2913	T	3.0
training.scd.2914	T	4.0
training.scd.2915	F	1.6
training.scd.2916	F	2.4
training.scd.2917	T	4.0
training.scd.2918	T	4.0
training.scd.2919	F	2.8
training.scd.2920	T	3.4
training.scd.2921	T	3.0
training.scd.2922	T	3.8
training.scd.2923	F	1.0
training.scd.2924	F	1.0
training.scd.2925	F	1.8
training.scd.2926	T	3.2
training.scd.2927	F	1.6
training.scd.2928	F	1.8
training.scd.2929	T	3.2
training.scd.2930	T	3.2
training.scd.2931	T	3.2
training.scd.2932	T	3.6
training.scd.2933	T	3.4
training.scd.2934	F	2.0
training.scd.2935	F	2.2
training.scd.2936	F	2.0
training.scd.2937	F	2.0
training.scd.2938	T	3.0
training.scd.2939	F	1.8
training.scd.2940	F	1.8
training.scd.2941	F	2.8
training.scd.2942	F	2.6
training.scd.2943	T	4.0
training.scd.2944	T	4.0
training.scd.2945	F	1.0
training.scd.2946	F	2.6
training.scd.2947	F	1.0
training.scd.2948	F	1.0
training.scd.2949	T	3.4
training.scd.2950	T	4.0
training.scd.2951	F	2.0
training.scd.2952	F	1.0
training.scd.2953	F	1.0
training.scd.2954	T	3.4
training.scd.2955	F	1.0
training.scd.2956	F	1.0
training.scd.2957	F	1.0
training.scd.2958	F	1.8
training.scd.2959	F	1.8
training.scd.2960	F	1.0
training.scd.2961	F	1.0
training.scd.2962	F	1.0
training.scd.2963	F	2.0
training.scd.2964	F	2.0
training.scd.2965	F	1.4
training.scd.2966	T	3.8
training.scd.2967	F	2.4
training.scd.2968	F	1.2
training.scd.2969	F	1.2
training.scd.2970	F	2.8
training.scd.2971	F	1.0
training.scd.2972	F	2.4
training.scd.2973	F	2.0
training.scd.2974	F	1.0
training.scd.2975	F	2.2
training.scd.2976	F	2.2
training.scd.2977	F	1.0
training.scd.2978	F	1.0
training.scd.2979	F	1.0
training.scd.2980	F	1.0
training.scd.2981	T	4.0
training.scd.2982	F	1.0
training.scd.2983	F	1.0
training.scd.2984	F	1.4
training.scd.2985	F	1.4
training.scd.2986	T	4.0
training.scd.2987	T	4.0
training.scd.2988	F	1.0
training.scd.2989	F	1.4
training.scd.2990	F	1.8
training.scd.2991	F	1.6
training.scd.2992	F	1.0
training.scd.2993	T	4.0
training.scd.2994	F	1.0
training.scd.2995	T	4.0
training.scd.2996	F	2.2
training.scd.2997	F	1.4
training.scd.2998	F	1.6
training.scd.2999	F	1.0
training.scd.3000	F	1.0
training.scd.3001	F	1.0
training.scd.3002	T	3.8
training.scd.3003	F	1.4
training.scd.3004	T	3.2
training.scd.3005	T	3.2
training.scd.3006	F	1.0
training.scd.3007	F	1.0
training.scd.3008	T	4.0
training.scd.3009	F	1.0
training.scd.3010	F	1.0
training.scd.3011	F	1.8
training.scd.3012	F	1.8
training.scd.3013	F	1.0
training.scd.3014	F	1.0
training.scd.3015	F	1.0
training.scd.3016	F	1.0
training.scd.3017	F	1.0
training.scd.3018	F	1.0
training.scd.3019	F	2.2
training.scd.3020	T	3.4
training.scd.3021	F	1.0
training.scd.3022	F	2.4
training.scd.3023	F	2.4
training.scd.3024	F	1.6
training.scd.3025	F	2.4
training.scd.3026	F	2.4
training.scd.3027	F	2.4
training.scd.3028	F	1.0
training.scd.3029	F	1.0
training.scd.3030	T	4.0
training.scd.3031	F	2.8
training.scd.3032	F	1.0
training.scd.3033	F	1.0
training.scd.3034	T	4.0
training.scd.3035	T	3.4
training.scd.3036	T	3.4
training.scd.3037	F	1.0
training.scd.3038	F	1.0
training.scd.3039	F	1.0
training.scd.3040	F	1.0
training.scd.3041	F	1.0
training.scd.3042	F	1.0
training.scd.3043	T	3.4
training.scd.3044	F	1.0
training.scd.3045	F	1.0
training.scd.3046	T	3.8
training.scd.3047	F	1.2
training.scd.3048	F	1.4
training.scd.3049	F	1.0
training.scd.3050	F	1.0
training.scd.3051	T	4.0
training.scd.3052	T	4.0
training.scd.3053	F	1.0
training.scd.3054	F	1.2
training.scd.3055	T	3.6
training.scd.3056	F	1.0
training.scd.3057	F	2.6
training.scd.3058	F	2.4
training.scd.3059	T	4.0
training.scd.3060	F	2.6
training.scd.3061	T	3.4
training.scd.3062	F	1.0
training.scd.3063	T	3.4
training.scd.3064	T	3.4
training.scd.3065	T	3.4
training.scd.3066	F	1.2
training.scd.3067	T	4.0
training.scd.3068	F	1.6
training.scd.3069	T	4.0
training.scd.3070	T	4.0
training.scd.3071	F	1.0
training.scd.3072	T	3.4
training.scd.3073	F	1.0
training.scd.3074	F	1.0
training.scd.3075	F	1.0
training.scd.3076	F	1.2
training.scd.3077	F	1.2
training.scd.3078	T	3.4
training.scd.3079	T	4.0
training.scd.3080	F	1.0
training.scd.3081	F	1.0
training.scd.3082	F	1.0
training.scd.3083	T	3.0
training.scd.3084	F	1.0
training.scd.3085	F	1.0
training.scd.3086	F	1.2
training.scd.3087	F	1.0
training.scd.3088	F	1.0
training.scd.3089	F	1.6
training.scd.3090	F	1.6
training.scd.3091	F	1.6
training.scd.3092	F	1.0
training.scd.3093	T	4.0
training.scd.3094	T	4.0
training.scd.3095	T	3.2
training.scd.3096	T	4.0
training.scd.3097	T	4.0
training.scd.3098	T	4.0
training.scd.3099	T	4.0
training.scd.3100	T	4.0
training.scd.3101	T	4.0
training.scd.3102	T	3.4
training.scd.3103	T	3.8
training.scd.3104	T	4.0
training.scd.3105	T	4.0
training.scd.3106	T	3.8
training.scd.3107	T	4.0
training.scd.3108	T	3.8
training.scd.3109	T	3.8
training.scd.3110	T	4.0
training.scd.3111	T	4.0
training.scd.3112	T	4.0
training.scd.3113	T	4.0
training.scd.3114	T	4.0
training.scd.3115	T	3.8
training.scd.3116	T	4.0
training.scd.3117	T	4.0
training.scd.3118	T	4.0
training.scd.3119	T	3.2
training.scd.3120	T	4.0
training.scd.3121	F	2.2
training.scd.3122	T	4.0
training.scd.3123	T	4.0
training.scd.3124	T	4.0
training.scd.3125	T	3.2
training.scd.3126	T	4.0
training.scd.3127	T	4.0
training.scd.3128	T	4.0
training.scd.3129	T	3.8
training.scd.3130	T	4.0
training.scd.3131	T	4.0
training.scd.3132	T	4.0
training.scd.3133	T	4.0
training.scd.3134	T	3.8
training.scd.3135	T	4.0
training.scd.3136	T	4.0
training.scd.3137	T	4.0
training.scd.3138	F	1.6
training.scd.3139	T	4.0
training.scd.3140	F	2.4
training.scd.3141	F	2.6
training.scd.3142	F	2.6
training.scd.3143	F	1.8
training.scd.3144	F	1.0
training.scd.3145	T	3.8
training.scd.3146	F	2.8
training.scd.3147	F	2.2
training.scd.3148	F	2.6
training.scd.3149	F	1.2
training.scd.3150	F	1.4
training.scd.3151	F	2.0
training.scd.3152	F	1.4
training.scd.3153	T	3.0
training.scd.3154	F	2.0
training.scd.3155	T	3.2
training.scd.3156	F	1.0
training.scd.3157	F	2.2
training.scd.3158	F	2.2
training.scd.3159	T	3.4
training.scd.3160	F	1.8
training.scd.3161	F	1.2
training.scd.3162	F	1.2
training.scd.3163	F	1.2
training.scd.3164	T	3.4
training.scd.3165	F	2.4
training.scd.3166	T	3.4
training.scd.3167	F	1.2
training.scd.3168	F	1.4
training.scd.3169	F	2.8
training.scd.3170	F	2.0
training.scd.3171	T	3.4
training.scd.3172	F	2.0
training.scd.3173	F	2.6
training.scd.3174	F	1.0
training.scd.3175	T	3.2
training.scd.3176	F	1.4
training.scd.3177	F	1.4
training.scd.3178	F	1.4
training.scd.3179	T	3.0
training.scd.3180	T	3.0
training.scd.3181	F	1.0
training.scd.3182	F	1.4
training.scd.3183	F	1.8
training.scd.3184	F	1.8
training.scd.3185	F	2.6
training.scd.3186	F	2.0
training.scd.3187	F	2.0
training.scd.3188	T	3.0
training.scd.3189	T	3.0
training.scd.3190	F	2.8
training.scd.3191	F	2.6
training.scd.3192	F	1.0
training.scd.3193	T	3.2
training.scd.3194	T	3.4
training.scd.3195	F	2.0
training.scd.3196	F	2.8
training.scd.3197	T	3.2
training.scd.3198	F	2.0
training.scd.3199	F	2.4
training.scd.3200	T	3.8
training.scd.3201	F	2.4
training.scd.3202	F	1.2
training.scd.3203	F	1.8
training.scd.3204	T	3.2
training.scd.3205	T	4.0
training.scd.3206	F	1.0
training.scd.3207	F	1.4
training.scd.3208	F	1.6
training.scd.3209	T	4.0
training.scd.3210	F	2.4
training.scd.3211	F	2.4
training.scd.3212	F	1.0
training.scd.3213	F	1.6
training.scd.3214	F	1.4
training.scd.3215	T	3.4
training.scd.3216	F	2.4
training.scd.3217	F	1.2
training.scd.3218	F	2.0
training.scd.3219	T	3.4
training.scd.3220	F	1.0
training.scd.3221	F	1.0
training.scd.3222	T	3.4
training.scd.3223	T	3.4
training.scd.3224	T	3.2
training.scd.3225	T	3.6
training.scd.3226	T	3.6
training.scd.3227	T	3.6
training.scd.3228	T	4.0
training.scd.3229	T	4.0
training.scd.3230	T	4.0
training.scd.3231	T	4.0
training.scd.3232	T	4.0
training.scd.3233	T	4.0
training.scd.3234	T	4.0
training.scd.3235	T	4.0
training.scd.3236	T	3.4
training.scd.3237	T	3.4
training.scd.3238	T	3.4
training.scd.3239	F	1.2
training.scd.3240	F	1.4
training.scd.3241	F	1.4
training.scd.3242	T	3.6
training.scd.3243	F	2.4
training.scd.3244	F	2.6
training.scd.3245	F	2.6
training.scd.3246	F	1.2
training.scd.3247	F	1.0
training.scd.3248	F	1.6
training.scd.3249	F	2.2
training.scd.3250	T	3.4
training.scd.3251	T	3.4
training.scd.3252	F	1.0
training.scd.3253	F	2.4
training.scd.3254	F	1.2
training.scd.3255	F	1.2
training.scd.3256	F	2.8
training.scd.3257	F	1.4
training.scd.3258	T	4.0
training.scd.3259	F	1.8
training.scd.3260	T	4.0
training.scd.3261	T	4.0
training.scd.3262	T	3.2
training.scd.3263	T	3.8
training.scd.3264	F	1.0
training.scd.3265	T	3.8
training.scd.3266	T	4.0
training.scd.3267	F	1.2
training.scd.3268	T	3.4
training.scd.3269	T	4.0
training.scd.3270	T	4.0
training.scd.3271	T	4.0
training.scd.3272	F	2.4
training.scd.3273	T	3.8
training.scd.3274	T	3.4
training.scd.3275	T	4.0
training.scd.3276	F	1.4
training.scd.3277	F	1.8
training.scd.3278	T	4.0
training.scd.3279	T	3.6
training.scd.3280	T	4.0
training.scd.3281	T	4.0
training.scd.3282	T	3.4
training.scd.3283	T	4.0
training.scd.3284	T	4.0
training.scd.3285	T	4.0
training.scd.3286	F	2.8
training.scd.3287	T	3.4
training.scd.3288	T	3.8
training.scd.3289	T	3.6
training.scd.3290	T	4.0
training.scd.3291	T	3.4
training.scd.3292	T	3.4
training.scd.3293	T	3.4
training.scd.3294	T	4.0
training.scd.3295	T	4.0
training.scd.3296	T	3.6
training.scd.3297	T	3.4
training.scd.3298	T	3.6
training.scd.3299	T	3.6
training.scd.3300	T	3.6
training.scd.3301	T	3.8
training.scd.3302	T	3.8
training.scd.3303	T	3.2
training.scd.3304	T	4.0
training.scd.3305	T	4.0
training.scd.3306	T	4.0
training.scd.3307	T	4.0
training.scd.3308	T	3.6
training.scd.3309	T	3.4
training.scd.3310	T	3.8
training.scd.3311	T	3.8
training.scd.3312	T	3.6
training.scd.3313	T	3.4
training.scd.3314	T	3.8
training.scd.3315	T	4.0
training.scd.3316	T	3.2
training.scd.3317	T	4.0
training.scd.3318	T	3.6
training.scd.3319	T	3.6
training.scd.3320	T	3.8
training.scd.3321	T	4.0
training.scd.3322	T	3.8
training.scd.3323	T	3.6
training.scd.3324	T	3.4
training.scd.3325	T	3.2
training.scd.3326	T	3.4
training.scd.3327	T	4.0
training.scd.3328	T	4.0
training.scd.3329	T	4.0
training.scd.3330	T	3.8
training.scd.3331	T	3.4
training.scd.3332	T	4.0
training.scd.3333	T	3.4
training.scd.3334	T	4.0
training.scd.3335	T	4.0
training.scd.3336	T	3.8
training.scd.3337	T	3.8
training.scd.3338	T	4.0
training.scd.3339	T	4.0
training.scd.3340	T	4.0
training.scd.3341	T	3.4
training.scd.3342	F	2.2
training.scd.3343	F	2.2
training.scd.3344	T	4.0
training.scd.3345	F	1.0
training.scd.3346	F	2.6
training.scd.3347	F	2.0
training.scd.3348	F	1.2
training.scd.3349	F	2.2
training.scd.3350	F	1.8
training.scd.3351	T	3.8
training.scd.3352	F	1.2
training.scd.3353	F	1.2
training.scd.3354	T	3.8
training.scd.3355	F	1.4
training.scd.3356	F	2.8
training.scd.3357	F	1.2
training.scd.3358	F	2.2
training.scd.3359	F	2.2
training.scd.3360	F	2.6
training.scd.3361	T	4.0
training.scd.3362	F	1.6
training.scd.3363	T	4.0
training.scd.3364	F	2.6
training.scd.3365	F	2.2
training.scd.3366	T	4.0
training.scd.3367	F	2.4
training.scd.3368	F	1.4
training.scd.3369	T	3.0
training.scd.3370	T	3.8
training.scd.3371	T	3.4
training.scd.3372	F	2.6
training.scd.3373	F	1.4
training.scd.3374	F	1.8
training.scd.3375	F	1.2
training.scd.3376	F	1.2
training.scd.3377	T	3.2
training.scd.3378	F	1.4
training.scd.3379	F	1.0
training.scd.3380	T	3.0
training.scd.3381	F	1.6
training.scd.3382	T	4.0
training.scd.3383	F	2.6
training.scd.3384	T	4.0
training.scd.3385	T	3.6
training.scd.3386	T	3.4
training.scd.3387	F	1.2
training.scd.3388	F	1.2
training.scd.3389	F	2.8
training.scd.3390	F	2.6
training.scd.3391	F	2.6
training.scd.3392	T	4.0
training.scd.3393	F	1.6
training.scd.3394	F	2.4
training.scd.3395	T	3.2
training.scd.3396	T	4.0
training.scd.3397	F	1.0
training.scd.3398	F	1.0
training.scd.3399	F	1.0
training.scd.3400	F	2.6
training.scd.3401	T	4.0
training.scd.3402	F	1.0
training.scd.3403	T	4.0
training.scd.3404	T	3.8
training.scd.3405	T	3.8
training.scd.3406	T	3.8
training.scd.3407	T	3.8
training.scd.3408	F	2.0
training.scd.3409	T	4.0
training.scd.3410	F	2.8
training.scd.3411	F	2.6
training.scd.3412	T	4.0
training.scd.3413	F	2.6
training.scd.3414	F	2.6
training.scd.3415	F	2.8
training.scd.3416	T	4.0
training.scd.3417	T	3.2
training.scd.3418	T	4.0
training.scd.3419	T	3.2
training.scd.3420	F	2.8
training.scd.3421	T	3.8
training.scd.3422	T	3.4
training.scd.3423	T	3.0
training.scd.3424	F	1.6
training.scd.3425	T	4.0
training.scd.3426	T	4.0
training.scd.3427	T	3.8
training.scd.3428	T	4.0
training.scd.3429	T	3.6
training.scd.3430	T	3.2
training.scd.3431	T	4.0
training.scd.3432	T	3.8
training.scd.3433	T	3.4
training.scd.3434	T	4.0
training.scd.3435	T	4.0
training.scd.3436	T	3.4
training.scd.3437	T	3.8
training.scd.3438	T	3.8
training.scd.3439	T	3.8
training.scd.3440	T	4.0
training.scd.3441	T	4.0
training.scd.3442	T	4.0
training.scd.3443	T	4.0
training.scd.3444	T	4.0
training.scd.3445	T	4.0
training.scd.3446	T	4.0
training.scd.3447	T	3.8
training.scd.3448	T	4.0
training.scd.3449	T	3.8
training.scd.3450	T	4.0
training.scd.3451	T	4.0
training.scd.3452	T	3.8
training.scd.3453	T	4.0
training.scd.3454	T	4.0
training.scd.3455	T	3.6
training.scd.3456	T	4.0
training.scd.3457	T	4.0
training.scd.3458	T	4.0
training.scd.3459	F	1.6
training.scd.3460	T	3.4
training.scd.3461	T	4.0
training.scd.3462	F	1.2
training.scd.3463	F	1.4
training.scd.3464	T	3.0
training.scd.3465	T	3.0
training.scd.3466	T	4.0
training.scd.3467	F	2.0
training.scd.3468	F	2.8
training.scd.3469	T	3.0
training.scd.3470	F	1.8
training.scd.3471	F	1.0
training.scd.3472	F	2.8
training.scd.3473	T	3.4
training.scd.3474	F	2.2
training.scd.3475	F	1.0
training.scd.3476	T	4.0
training.scd.3477	T	3.8
training.scd.3478	F	1.6
training.scd.3479	T	3.4
training.scd.3480	F	1.2
training.scd.3481	F	1.2
training.scd.3482	F	1.4
training.scd.3483	F	1.0
training.scd.3484	T	3.8
training.scd.3485	F	2.4
training.scd.3486	F	1.6
training.scd.3487	T	4.0
training.scd.3488	F	1.0
training.scd.3489	T	3.4
training.scd.3490	T	3.0
training.scd.3491	F	2.0
training.scd.3492	T	4.0
training.scd.3493	T	3.8
training.scd.3494	T	4.0
training.scd.3495	T	4.0
training.scd.3496	T	4.0
training.scd.3497	T	3.2
training.scd.3498	T	4.0
training.scd.3499	T	3.8
training.scd.3500	T	3.8
training.scd.3501	T	3.8
training.scd.3502	F	2.2
training.scd.3503	F	2.0
training.scd.3504	T	3.0
training.scd.3505	F	1.6
training.scd.3506	F	1.6
training.scd.3507	T	4.0
training.scd.3508	T	3.8
training.scd.3509	F	1.8
training.scd.3510	F	2.8
training.scd.3511	T	4.0
training.scd.3512	T	4.0
training.scd.3513	T	4.0
training.scd.3514	T	4.0
training.scd.3515	T	3.8
training.scd.3516	T	3.8
training.scd.3517	T	3.8
training.scd.3518	T	4.0
training.scd.3519	F	1.6
training.scd.3520	T	3.4
training.scd.3521	F	2.2
training.scd.3522	F	1.0
training.scd.3523	T	3.8
training.scd.3524	F	2.2
training.scd.3525	T	3.8
training.scd.3526	T	4.0
training.scd.3527	F	1.4
training.scd.3528	T	4.0
training.scd.3529	T	3.0
training.scd.3530	T	4.0
training.scd.3531	T	3.6
training.scd.3532	F	2.6
training.scd.3533	T	4.0
training.scd.3534	T	4.0
training.scd.3535	T	4.0
training.scd.3536	T	3.2
training.scd.3537	T	3.0
training.scd.3538	T	3.8
training.scd.3539	F	2.0
training.scd.3540	T	3.4
training.scd.3541	T	4.0
training.scd.3542	T	4.0
training.scd.3543	F	2.4
training.scd.3544	T	4.0
training.scd.3545	T	3.2
training.scd.3546	F	2.2
training.scd.3547	F	2.6
training.scd.3548	F	2.8
training.scd.3549	F	1.2
training.scd.3550	F	2.2
training.scd.3551	T	4.0
training.scd.3552	T	4.0
training.scd.3553	T	3.4
training.scd.3554	T	3.4
training.scd.3555	F	1.6
training.scd.3556	T	3.4
training.scd.3557	T	3.2
training.scd.3558	F	2.2
training.scd.3559	T	3.2
training.scd.3560	F	1.2
training.scd.3561	T	3.8
training.scd.3562	T	3.4
training.scd.3563	T	3.4
training.scd.3564	T	4.0
training.scd.3565	F	1.2
training.scd.3566	T	3.2
training.scd.3567	T	3.8
training.scd.3568	T	3.2
training.scd.3569	T	4.0
training.scd.3570	T	3.8
training.scd.3571	T	4.0
training.scd.3572	T	3.4
training.scd.3573	F	1.8
training.scd.3574	F	1.6
training.scd.3575	F	1.0
training.scd.3576	F	1.0
training.scd.3577	F	2.0
training.scd.3578	F	1.6
training.scd.3579	F	2.2
training.scd.3580	T	3.4
training.scd.3581	F	1.4
training.scd.3582	F	1.4
training.scd.3583	T	4.0
training.scd.3584	T	3.0
training.scd.3585	T	3.6
training.scd.3586	F	2.6
training.scd.3587	F	2.0
training.scd.3588	T	3.2
training.scd.3589	T	3.2
training.scd.3590	T	3.2
training.scd.3591	F	2.2
training.scd.3592	F	2.0
training.scd.3593	T	3.8
training.scd.3594	T	3.4
training.scd.3595	T	3.4
training.scd.3596	T	3.4
training.scd.3597	F	1.0
training.scd.3598	F	1.2
training.scd.3599	T	3.2
training.scd.3600	T	4.0
training.scd.3601	T	3.0
training.scd.3602	F	1.4
training.scd.3603	T	3.0
training.scd.3604	T	4.0
training.scd.3605	T	3.8
training.scd.3606	T	3.8
training.scd.3607	F	1.4
training.scd.3608	T	3.6
training.scd.3609	T	3.2
training.scd.3610	T	3.0
training.scd.3611	T	3.8
training.scd.3612	F	1.2
training.scd.3613	F	1.0
training.scd.3614	F	1.8
training.scd.3615	F	1.0
training.scd.3616	F	1.8
training.scd.3617	F	1.2
training.scd.3618	T	3.8
training.scd.3619	F	1.6
training.scd.3620	F	1.8
training.scd.3621	F	1.2
training.scd.3622	F	2.0
training.scd.3623	F	1.6
training.scd.3624	F	1.0
training.scd.3625	T	4.0
training.scd.3626	T	3.4
training.scd.3627	F	1.0
training.scd.3628	F	1.6
training.scd.3629	T	3.0
training.scd.3630	F	2.0
training.scd.3631	F	2.0
training.scd.3632	T	4.0
training.scd.3633	F	1.4
training.scd.3634	T	3.8
training.scd.3635	F	1.0
training.scd.3636	F	1.0
training.scd.3637	F	1.2
training.scd.3638	F	1.6
training.scd.3639	F	1.8
training.scd.3640	F	2.4
training.scd.3641	F	1.0
training.scd.3642	F	2.2
training.scd.3643	T	3.4
training.scd.3644	F	1.6
training.scd.3645	F	1.0
training.scd.3646	F	1.2
training.scd.3647	T	3.2
training.scd.3648	T	3.4
training.scd.3649	T	3.0
training.scd.3650	F	1.2
training.scd.3651	F	1.6
training.scd.3652	F	1.8
training.scd.3653	T	3.8
training.scd.3654	F	1.0
training.scd.3655	F	1.6
training.scd.3656	T	4.0
training.scd.3657	F	2.0
training.scd.3658	F	1.0
training.scd.3659	F	2.8
training.scd.3660	F	1.0
training.scd.3661	F	2.6
training.scd.3662	F	1.0
training.scd.3663	F	1.8
training.scd.3664	T	4.0
training.scd.3665	F	1.0
training.scd.3666	T	3.4
training.scd.3667	T	3.4
training.scd.3668	F	1.0
training.scd.3669	T	4.0
training.scd.3670	F	2.6
training.scd.3671	F	1.2
training.scd.3672	T	4.0
training.scd.3673	F	1.0
training.scd.3674	F	1.0
training.scd.3675	F	1.0
training.scd.3676	F	1.6
training.scd.3677	T	3.6
training.scd.3678	T	3.4
training.scd.3679	T	3.8
training.scd.3680	T	4.0
training.scd.3681	T	4.0
training.scd.3682	T	4.0
training.scd.3683	T	4.0
training.scd.3684	T	4.0
training.scd.3685	T	4.0
training.scd.3686	T	3.6
training.scd.3687	T	4.0
training.scd.3688	T	3.6
training.scd.3689	T	4.0
training.scd.3690	T	3.8
training.scd.3691	F	2.8
training.scd.3692	T	4.0
training.scd.3693	T	4.0
training.scd.3694	T	3.2
training.scd.3695	T	3.6
training.scd.3696	F	2.8
training.scd.3697	T	3.0
training.scd.3698	T	4.0
training.scd.3699	T	3.8
training.scd.3700	T	4.0
training.scd.3701	T	4.0
training.scd.3702	T	3.0
training.scd.3703	T	3.8
training.scd.3704	T	4.0
training.scd.3705	T	3.8
training.scd.3706	T	4.0
training.scd.3707	T	3.8
training.scd.3708	T	3.0
training.scd.3709	T	3.8
training.scd.3710	T	4.0
training.scd.3711	T	4.0
training.scd.3712	T	3.8
training.scd.3713	T	3.0
training.scd.3714	T	4.0
training.scd.3715	T	3.6
training.scd.3716	T	3.8
training.scd.3717	T	3.6
training.scd.3718	T	3.8
training.scd.3719	T	4.0
training.scd.3720	T	3.8
training.scd.3721	T	3.4
training.scd.3722	T	4.0
training.scd.3723	T	4.0
training.scd.3724	T	4.0
training.scd.3725	T	3.4
training.scd.3726	T	4.0
training.scd.3727	T	3.4
training.scd.3728	T	4.0
training.scd.3729	T	3.0
training.scd.3730	T	3.0
training.scd.3731	T	4.0
training.scd.3732	T	3.8
training.scd.3733	T	3.8
training.scd.3734	T	3.8
training.scd.3735	T	3.4
training.scd.3736	T	4.0
training.scd.3737	T	3.2
training.scd.3738	T	3.6
training.scd.3739	T	3.4
training.scd.3740	T	3.0
training.scd.3741	T	3.8
training.scd.3742	T	3.8
training.scd.3743	T	3.0
training.scd.3744	F	2.8
training.scd.3745	T	3.8
training.scd.3746	T	4.0
training.scd.3747	T	4.0
training.scd.3748	F	2.8
training.scd.3749	T	4.0
training.scd.3750	T	4.0
training.scd.3751	T	3.6
training.scd.3752	T	4.0
training.scd.3753	T	4.0
training.scd.3754	T	4.0
training.scd.3755	F	2.6
training.scd.3756	T	4.0
training.scd.3757	T	3.6
training.scd.3758	T	3.0
training.scd.3759	T	3.0
training.scd.3760	F	1.6
training.scd.3761	T	3.4
training.scd.3762	F	2.4
training.scd.3763	F	2.2
training.scd.3764	T	4.0
training.scd.3765	T	3.8
training.scd.3766	T	4.0
training.scd.3767	T	4.0
training.scd.3768	T	4.0
training.scd.3769	T	4.0
training.scd.3770	T	4.0
training.scd.3771	T	3.6
training.scd.3772	T	3.6
training.scd.3773	F	2.4
training.scd.3774	F	2.4
training.scd.3775	T	3.6
training.scd.3776	F	2.8
training.scd.3777	T	3.0
training.scd.3778	T	3.8
training.scd.3779	T	4.0
training.scd.3780	T	4.0
training.scd.3781	T	4.0
training.scd.3782	T	4.0
training.scd.3783	T	3.6
training.scd.3784	T	3.4
training.scd.3785	T	4.0
training.scd.3786	F	1.8
training.scd.3787	T	3.8
training.scd.3788	T	3.6
training.scd.3789	T	4.0
training.scd.3790	T	4.0
training.scd.3791	F	1.8
training.scd.3792	T	3.8
training.scd.3793	T	3.0
training.scd.3794	F	2.4
training.scd.3795	T	4.0
training.scd.3796	T	4.0
training.scd.3797	T	3.8
training.scd.3798	T	4.0
training.scd.3799	T	3.4
training.scd.3800	F	1.4
training.scd.3801	T	4.0
training.scd.3802	T	4.0
training.scd.3803	T	4.0
training.scd.3804	T	3.4
training.scd.3805	T	3.4
training.scd.3806	T	3.8
training.scd.3807	T	3.4
training.scd.3808	T	3.8
training.scd.3809	T	3.8
training.scd.3810	T	4.0
training.scd.3811	T	4.0
training.scd.3812	T	4.0
training.scd.3813	F	1.2
training.scd.3814	T	4.0
training.scd.3815	T	4.0
training.scd.3816	T	4.0
training.scd.3817	T	3.6
training.scd.3818	T	3.0
training.scd.3819	T	3.8
training.scd.3820	T	4.0
training.scd.3821	T	3.2
training.scd.3822	T	4.0
training.scd.3823	T	3.4
training.scd.3824	T	4.0
training.scd.3825	T	3.8
training.scd.3826	T	3.8
training.scd.3827	T	3.8
training.scd.3828	T	4.0
training.scd.3829	T	3.6
training.scd.3830	T	3.8
training.scd.3831	T	4.0
training.scd.3832	T	3.8
training.scd.3833	T	4.0
training.scd.3834	T	4.0
training.scd.3835	F	1.2
training.scd.3836	T	4.0
training.scd.3837	T	3.4
training.scd.3838	F	1.6
training.scd.3839	T	3.8
training.scd.3840	T	3.8
training.scd.3841	T	3.6
training.scd.3842	T	4.0
training.scd.3843	T	4.0
training.scd.3844	T	4.0
training.scd.3845	T	4.0
training.scd.3846	T	3.0
training.scd.3847	F	1.6
training.scd.3848	T	4.0
training.scd.3849	T	3.4
training.scd.3850	T	3.8
training.scd.3851	T	4.0
training.scd.3852	T	4.0
training.scd.3853	T	4.0
training.scd.3854	T	4.0
training.scd.3855	T	4.0
training.scd.3856	T	3.2
training.scd.3857	T	3.2
training.scd.3858	T	3.4
training.scd.3859	T	4.0
training.scd.3860	T	3.2
training.scd.3861	T	3.6
training.scd.3862	F	1.8
training.scd.3863	T	3.2
training.scd.3864	T	3.6
training.scd.3865	T	3.6
training.scd.3866	T	3.0
training.scd.3867	T	3.6
training.scd.3868	T	4.0
training.scd.3869	T	3.4
training.scd.3870	T	4.0
training.scd.3871	T	4.0
training.scd.3872	T	3.8
training.scd.3873	F	2.6
training.scd.3874	T	4.0
training.scd.3875	T	3.8
training.scd.3876	F	1.4
training.scd.3877	T	3.4
training.scd.3878	T	3.2
training.scd.3879	T	4.0
training.scd.3880	F	2.8
training.scd.3881	T	4.0
training.scd.3882	F	1.8
training.scd.3883	T	4.0
training.scd.3884	T	4.0
training.scd.3885	T	4.0
training.scd.3886	F	2.8
training.scd.3887	F	2.6
training.scd.3888	T	4.0
training.scd.3889	T	3.2
training.scd.3890	F	2.6
training.scd.3891	T	3.6
training.scd.3892	T	3.8
training.scd.3893	T	3.6
training.scd.3894	T	3.6
training.scd.3895	T	4.0
training.scd.3896	T	3.6
training.scd.3897	T	4.0
